#,"Domain Rating","URL Rating (desc)","Referring Domains","Referring Page URL","Referring Page Title","Internal Links Count","External Links Count","Link URL",TextPre,"Link Anchor",TextPost,Type,"Backlink Status","First Seen","Last Check","Day Lost",Language,Traffic,Keywords,"Js rendered"
1,15,23,32,http://www.4mark.net/,"4mark Social Bookmarking Tool",582,50,https://www.gorokuhdcp.com/,,"Roku.com/hdcp - Troubleshoot unauthorized Roku HDCP Error",,"Dofollow, Image","Link removed","2018-06-26 11:26:39","2018-06-26 15:53:38","2018-06-26 18:08:07",en,0,0,
2,71,19,13,http://www.fixya.com/troubleshoot/browse/televisions_video,"Televison & Video Repair Questions, Solutions & Tips - Fixya",89,13,https://www.gorokuhdcp.com/roku-universal-remote/,"Visit the blog",https://www.gorokuhdcp.com/roku-universal-remote/,,Nofollow,"Link removed","2018-04-20 13:39:40","2018-04-20 13:39:40","2018-04-20 15:36:24",en,1.0,113,
3,77,14,1,http://local.exactseek.com/category/computers-software-electronics-1-1-12,"Computers, Software & Electronics ExactSeek - Local Business Directory",76,23,https://www.gorokuhdcp.com/,,Website,,Nofollow,"Link removed","2018-05-12 07:13:03","2018-05-20 13:17:43","2018-05-28 05:03:33",,0,0,
4,77,14,0,http://local.exactseek.com/category/internet-service-254,"Internet Service ExactSeek - Local Business Directory",55,24,https://www.gorokuhdcp.com/,,Website,,Nofollow,,"2018-05-04 10:35:12","2018-07-12 17:10:59",,en,0,0,
5,77,13,0,http://local.exactseek.com/category/technical-support-261,"Technical Support ExactSeek - Local Business Directory",56,24,https://www.gorokuhdcp.com/,,Website,,Nofollow,,"2018-05-09 09:13:10","2018-07-12 12:42:12",,en,0,0,
6,77,13,0,http://local.exactseek.com/category/electronics-consultant-249,"Electronics Consultant ExactSeek - Local Business Directory",56,24,https://www.gorokuhdcp.com/,,Website,,Nofollow,,"2018-05-06 21:28:19","2018-07-20 04:12:13",,en,0,0,
7,77,13,0,http://local.exactseek.com/category/tv-and-stereo-265,"TV & Stereo ExactSeek - Local Business Directory",55,25,https://www.gorokuhdcp.com/,,Website,,Nofollow,,"2018-05-11 23:59:39","2018-07-16 18:30:37",,en,0,0,
8,71,13,1,http://www.fixya.com/support/p13106734-roku_3,"20 Most Recent Roku 3 Questions & Answers - Fixya",70,24,https://www.gorokuhdcp.com/roku-universal-remote/,"Visit the blog",https://www.gorokuhdcp.com/roku-universal-remote/,,Nofollow,,"2018-06-29 21:49:35","2018-06-29 21:49:35",,en,0,0,
9,77,13,0,http://local.exactseek.com/location/tampa-3930,"Tampa Companies ExactSeek - Local Business Directory",56,22,https://www.gorokuhdcp.com/,,Website,,Nofollow,,"2018-05-07 20:37:15","2018-07-12 11:30:40",,en,0,0,
10,78,12,0,http://www.bizcommunity.com/Profile/GorokuHDCP/c-544,"Goroku HDCP",461,21,https://www.gorokuhdcp.com/,,www.gorokuhdcp.com,,Nofollow,,"2018-05-12 06:56:25","2018-05-12 06:56:25",,en,0,0,
11,78,12,0,http://www.bizcommunity.com/Profile/GorokuHDCP/c-544,"Goroku HDCP",461,21,http://www.gorokuhdcp.com/,,www.gorokuhdcp.com,,Nofollow,,"2018-05-12 06:56:25","2018-05-12 06:56:25",,en,0,0,
12,77,12,0,http://local.exactseek.com/detail/go-roku-hdcp-494628,"Go Roku HDCP in Tampa - Florida United States ExactSeek - Local Business Directory",34,18,https://www.gorokuhdcp.com/,,https://www.gorokuhdcp.com/,,Nofollow,,"2018-05-12 03:36:30","2018-07-19 00:16:22",,en,0,0,
13,42,12,0,http://www.czechtribe.com/profile/gorokuhdcp,"CzechTribe - Member Profile - Payton Christie",22,3,https://www.gorokuhdcp.com/,,http://www.gorokuhdcp.com/,,Dofollow,,"2018-07-14 19:17:47","2018-07-14 19:17:47",,en,0,0,
14,42,12,0,http://www.czechtribe.com/profile/gorokuhdcp,"CzechTribe - Member Profile - Payton Christie",22,3,http://www.gorokuhdcp.com/,,http://www.gorokuhdcp.com/,,Dofollow,,"2018-07-14 19:17:47","2018-07-14 19:17:47",,en,0,0,
15,31,12,0,https://hub.fm/get-access-to-rokus-universal-remote-52710.html,"Get Access to Roku’s Universal Remote | TECH | hub.fm",8,5,https://www.gorokuhdcp.com/,Website:,https://www.gorokuhdcp.com/,,"Dofollow, Content",,"2018-04-23 18:54:49","2018-07-18 00:18:08",,en,0,0,
16,38,12,0,http://gabbleworld.com/profile/gorokuhdcp,"GabbleWorld - Member Profile - Payton Christie",19,11,https://www.gorokuhdcp.com/,,http://www.gorokuhdcp.com/,,Dofollow,,"2018-06-08 15:04:02","2018-06-16 08:57:16",,en,0,0,
17,38,12,0,http://gabbleworld.com/profile/gorokuhdcp,"GabbleWorld - Member Profile - Payton Christie",19,11,http://www.gorokuhdcp.com/,,http://www.gorokuhdcp.com/,,Dofollow,,"2018-06-08 15:04:02","2018-06-16 08:57:16",,en,0,0,
18,75,12,0,https://www.merlot.org/merlot/viewMember.htm?id=1376134,"Goroku HDCP (Member Profile)",31,13,https://www.gorokuhdcp.com/,,https://www.gorokuhdcp.com/,,Dofollow,,"2018-05-05 06:29:42","2018-05-05 06:29:42",,en,0,0,
19,77,11,0,http://local.exactseek.com/category/computers-software-electronics-1-1-12/30,"Computers, Software & Electronics ExactSeek - Local Business Directory",78,24,https://www.gorokuhdcp.com/,,Website,,Nofollow,,"2018-07-11 17:11:57","2018-07-20 05:21:46",,en,0,0,
20,54,11,0,https://funadvice.com/gorokuhdcp,"gorokuhdcp | Funadvice",32,1,https://www.gorokuhdcp.com/,,https://www.gorokuhdcp.com/,,Dofollow,,"2018-06-16 03:45:03","2018-06-16 03:45:03",,en,0,0,
21,24,11,0,http://www.freeadsciti.com/services/computer-web-services/activate-new-channels-on-roku-955948.htm,"Classifieds, Free Classifieds, Online Classifieds, Free Ads | US Ads Citi",58,15,https://www.gorokuhdcp.com/,"well connect Streaming media player to the same network with",go.roku.com/hdcp,".Kodi is a channel that allows watching all the contents","Nofollow, Content",,"2018-06-02 16:04:41","2018-06-02 16:04:41",,en,0,0,
22,42,11,0,http://www.czechtribe.com/classifieds/11547/1545/get-rid-of-the-hdcp-error-on-your-roku,"CzechTribe - View Classified - Get rid of the HDCP error on your roku",20,2,https://www.gorokuhdcp.com/,"Protection (HDCP) is used for digital services as said on",go.roku.com/hdcp,". The freshly structured HDCP 2.2 is designed for 4k",Dofollow,,"2018-07-14 14:01:52","2018-07-14 14:01:52",,,0,0,
23,77,11,0,http://local.exactseek.com/category/computers-software-electronics-1-1-12/20,"Computers, Software & Electronics ExactSeek - Local Business Directory",78,24,https://www.gorokuhdcp.com/,,Website,,Nofollow,"Link removed","2018-06-17 09:23:00","2018-07-03 12:11:53","2018-07-11 20:36:22",en,0,0,
24,77,11,0,http://local.exactseek.com/category/computers-software-electronics-1-1-12/10,"Computers, Software & Electronics ExactSeek - Local Business Directory",77,23,https://www.gorokuhdcp.com/,,Website,,Nofollow,"Link removed","2018-06-02 09:40:45","2018-06-09 23:35:46","2018-06-18 09:35:44",en,0,0,
25,75,11,0,https://seositecheckup.com/seo-audit/www.gorokuhdcp.com,"www.gorokuhdcp.com SEO Report | SeoSiteCheckup.com",14,4,https://www.gorokuhdcp.com/,,http://www.gorokuhdcp.com,,Dofollow,,"2018-05-26 19:39:07","2018-06-23 14:36:50",,en,0,0,
26,75,11,0,https://seositecheckup.com/seo-audit/www.gorokuhdcp.com,"www.gorokuhdcp.com SEO Report | SeoSiteCheckup.com",14,4,http://www.gorokuhdcp.com/,,http://www.gorokuhdcp.com,,Dofollow,,"2018-05-26 19:39:07","2018-06-23 14:36:50",,en,0,0,
27,28,11,1,http://www.sweptawaytv.com/youth-media/gifts-to-give-and-get-roku-streaming-stick/,"Gifts to Give and Get: Roku Streaming Stick | Swept Away TV-The Rock Star Stories",120,51,https://www.gorokuhdcp.com/,"about the Roku streaming stick which can be activated using","Roku com link",,Nofollow,,"2018-05-10 21:50:53","2018-07-17 09:51:14",,en,0.02,26,
28,62,11,0,https://www.linkcentre.com/electronics/televisions/2/,"Televisions Directory at Link Centre Worldwide Edition - page 2",106,43,https://www.gorokuhdcp.com/,,"Go Roku HDCP",,"Dofollow, Content",,"2018-07-03 12:40:10","2018-07-19 01:24:14",,en,0,0,
29,15,11,0,http://www.4mark.net/category/5471/computer,"Recent links of category computer",573,52,https://www.gorokuhdcp.com/,,"Roku.com/hdcp - Troubleshoot unauthorized Roku HDCP Error",,"Dofollow, Image",,"2018-06-27 12:35:28","2018-07-14 03:02:18",,en,0,0,
30,40,11,0,http://leeds.photoads.co.uk/services/computer/132718-Get-24-7-Technical-Support-Help-for-Roku.html,"Leeds : Get 24*7 Technical Support Help for Roku Free Ads Classified Ads buy and sell online",173,19,https://www.gorokuhdcp.com/,,go.roku.com/hdcp,.,"Nofollow, Content",,"2018-06-26 15:19:56","2018-07-20 04:56:23",,en,0,0,
31,71,11,0,http://www.fixya.com/support/t26299254-use_roku_remote,"SOLVED: How do I use my Roku remote? - Fixya",64,9,https://www.gorokuhdcp.com/roku-universal-remote,,"Control Your Device Using Roku Universal Remote",,Nofollow,,"2018-06-20 14:28:48","2018-06-20 14:28:48",,en,0,0,
32,71,11,0,http://www.fixya.com/support/t26299254-use_roku_remote,"SOLVED: How do I use my Roku remote? - Fixya",64,9,https://www.gorokuhdcp.com/roku-universal-remote/,"Visit the blog",https://www.gorokuhdcp.com/roku-universal-remote/,,Nofollow,,"2018-06-20 14:28:48","2018-06-20 14:28:48",,en,0,0,
33,71,11,0,http://www.fixya.com/support/p13106734-roku_3/solutions,"Answered Roku 3 Questions & Issues - Fixya",69,25,https://www.gorokuhdcp.com/roku-universal-remote/,"Visit the blog",https://www.gorokuhdcp.com/roku-universal-remote/,,Nofollow,,"2018-05-27 16:57:40","2018-05-27 16:57:40",,en,0,0,
34,71,11,0,http://www.fixya.com/support/p13106734-roku_3/popular,"Top 20 Roku 3 Questions & Answers - Fixya",70,22,https://www.gorokuhdcp.com/roku-universal-remote/,"Visit the blog",https://www.gorokuhdcp.com/roku-universal-remote/,,Nofollow,,"2018-05-28 04:59:44","2018-05-28 04:59:44",,en,0,0,
35,38,10,0,http://gabbleworld.com/profile/gorokuhdcp?mobile=1,"GabbleWorld - Mobile Member Profile - Payton Christie",6,4,https://www.gorokuhdcp.com/,,http://www.gorokuhdcp.com/,,Dofollow,,"2018-06-21 12:17:46","2018-06-21 12:17:46",,en,0,0,
36,38,10,0,http://gabbleworld.com/profile/gorokuhdcp?mobile=1,"GabbleWorld - Mobile Member Profile - Payton Christie",6,4,http://www.gorokuhdcp.com/,,http://www.gorokuhdcp.com/,,Dofollow,,"2018-06-21 12:17:46","2018-06-21 12:17:46",,en,0,0,
37,31,10,0,https://enetget.com/gorokuhdcp,"Goroku HDCP",44,2,https://www.gorokuhdcp.com/,,"Roku.com/hdcp - Troubleshoot unauthorized Roku HDCP Error www.gorokuhdcp.com Roku.com/hdcp - Troubleshoot unauthorized Roku HDCP Error Call us @ +1-877-915-9680 if you found any HDCP unauthorized content disabled message problem. Contact us for troubleshooting Roku.com/HDCP error.",,"Dofollow, Image",,"2018-04-26 12:34:21","2018-06-24 07:10:00",,en,0,0,
38,23,10,0,http://www.topclassifieds.com/ads/10/posts/19-Electronics/179-TV-Home-Theater/3462393-More-Features-on-FXNOW.html,"More Features on FXNOW - Florida, United States - Top Classifieds",127,5,https://www.gorokuhdcp.com/,"about the FX Now activation and features visit our website:",https://www.gorokuhdcp.com/,,"Dofollow, Content",,"2018-03-12 13:30:56","2018-03-12 13:30:56",,en,0,0,
39,17,10,0,http://www.american-classifieds.net/adpage.php?ad=463802,"HDCP issues in Popular Channels",122,10,https://www.gorokuhdcp.com/,,www.gorokuhdcp.com/,,Nofollow,,"2018-05-05 20:01:16","2018-05-13 11:43:16",,en,0,0,
40,17,10,0,http://www.american-classifieds.net/adpage.php?ad=463802,"HDCP issues in Popular Channels",122,10,http://www.gorokuhdcp.com/,,www.gorokuhdcp.com/,,Nofollow,,"2018-05-05 20:01:16","2018-05-13 11:43:16",,en,0,0,
41,71,10,0,http://www.fixya.com/troubleshoot/roku/page-8,"Roku Repair Questions & Solutions, Tips & Guides Page 8 - Fixya",68,18,https://www.gorokuhdcp.com/roku-universal-remote/,"Visit the blog",https://www.gorokuhdcp.com/roku-universal-remote/,,Nofollow,,"2018-07-17 15:52:55","2018-07-17 15:52:55",,en,0,0,
42,28,10,0,http://www.sweptawaytv.com/youth-media/gifts-to-give-and-get-roku-streaming-stick/comment-page-1/,"Gifts to Give and Get: Roku Streaming Stick | Swept Away TV-The Rock Star Stories",121,56,https://www.gorokuhdcp.com/,"about the Roku streaming stick which can be activated using","Roku com link",,Nofollow,,"2018-05-02 17:11:05","2018-07-12 14:15:11",,en,0,0,
43,71,10,0,http://www.fixya.com/troubleshoot/roku/page-4,"Roku Repair Questions & Solutions, Tips & Guides Page 4 - Fixya",70,27,https://www.gorokuhdcp.com/roku-universal-remote/,"Visit the blog",https://www.gorokuhdcp.com/roku-universal-remote/,,Nofollow,,"2018-05-30 03:16:35","2018-05-30 03:16:35",,en,0,0,
44,70,10,0,http://www.adlandpro.com/ad/38760210/How-to-Activate-Roku-Streaming-Device__Eventsentertainment_217__around_tampa.aspx,"How to Activate Roku Streaming Device, Events, entertainment in Tampa",40,10,https://www.gorokuhdcp.com/,,"How to Activate Roku Streaming Device",,Nofollow,,"2018-05-27 01:24:36","2018-05-27 01:24:36",,,0,0,
45,72,10,0,https://the-dots.com/pages/go-roku-hdcp-136271/jobs,"Go Roku HDCP Jobs | The Dots",21,6,https://www.gorokuhdcp.com/,,https://www.gorokuhdcp.com,,Nofollow,,"2018-06-28 10:24:47","2018-06-28 10:24:47",,en,0,0,
46,72,10,0,https://the-dots.com/pages/go-roku-hdcp-136271,"Go Roku HDCP Jobs and Projects | The Dots",21,6,https://www.gorokuhdcp.com/,,https://www.gorokuhdcp.com,,Nofollow,,"2018-06-17 07:09:14","2018-06-17 07:09:14",,,0,0,
47,65,10,0,http://www.fotothing.com/gorokuhdcp/photo/9794a8520ef691ad0ec3731b8a3b8cff/,"Follow the Quick Start Guide that comes with Roku device. In order to activate your Roku streaming device, ...",28,2,https://www.gorokuhdcp.com/,"support team through the toll-free number at +1-877-915-9680 or visit",https://www.gorokuhdcp.com/,,Nofollow,,"2018-05-17 00:06:43","2018-05-17 00:06:43",,,0,0,
48,45,10,0,https://www.keyword-suggest-tool.com/search/rokuactivationcode.com/,"™ ""Rokuactivationcode.com"" Keyword Found Websites Listing | Keyword Suggestions",71,18,https://www.gorokuhdcp.com/roku-activation-code/,,https://www.gorokuhdcp.com/roku-activation-code/,,Nofollow,,"2018-07-18 04:32:58","2018-07-18 04:32:58",,en,0,0,
49,21,10,0,http://www.infomapp.com/p/how-to-do-screen-mirroring-on-roku/,"How To Do Screen Mirroring on Roku - InfoMapp.com",120,1,https://www.gorokuhdcp.com/,"more information on screen mirroring are given on our website","Roku com/link",".Moreover get our assistance on our toll-free number","Dofollow, Content",,"2018-06-11 12:36:58","2018-06-27 22:41:47",,en,0,0,
50,21,10,0,http://www.infomapp.com/u/gorokuhdcp/,"User Profile @gorokuhdcp - InfoMapp.com",118,1,https://www.gorokuhdcp.com/,"more information on screen mirroring are given on our website","Roku com/link",".Moreover get our assistance on our toll-free number","Dofollow, Content",,"2018-06-29 20:48:43","2018-06-29 20:48:43",,en,0,0,
51,18,10,0,http://web-free-ads.com/0/posts/12-Business/73-Internet/776414-Learn-how-to-get-the-best-display-on-Roku.html,"Learn how to get the best display on Roku - Web-Free-Ads.com | Free Classifieds",37,5,https://www.gorokuhdcp.com/,"and improved with 4k? You must also check if the",go.roku.com/hdcp,,"Dofollow, Content",,"2018-06-17 12:45:45","2018-06-25 21:34:16",,en,0,0,
52,53,10,0,"http://www.blurpalicious.com/roku com link/","Roku Com Link - Blurpalicious",152,9,https://www.gorokuhdcp.com/,"may face some issues while streaming the content such as",roku.com/hdcp,"unauthorized content disabled. To fix such issue you may contact",Dofollow,Dropped,"2018-04-23 10:00:14","2018-05-18 13:33:33","2018-06-19 16:15:50",en,0,0,
53,35,10,0,https://www.usedseattle.com/classified-ad/-Roku-ultra-hdcp-22-issues_31826863,"Roku ultra hdcp 2.2 issues North Seattle, Seattle",69,22,https://www.gorokuhdcp.com/,,www.gorokuhdcp.com,,Nofollow,,"2018-06-24 05:33:53","2018-07-01 19:23:10",,en,0,0,
54,65,10,0,http://www.fotothing.com/gorokuhdcp/,"gorokuhdcp's Fotothing",28,2,https://www.gorokuhdcp.com/,"support team through the toll-free number at +1-877-915-9680 or visit",https://www.gorokuhdcp.com/,,Nofollow,,"2018-05-17 15:10:15","2018-05-17 15:10:15",,,0,0,
55,65,10,0,http://www.fotothing.com/gorokuhdcp/photo/8c5dc239f4761ef293edc42a6e12bf73/,"To complete the Roku 3 remote replacement steps, collect the essential tools that are required. To begin wi...",31,2,https://www.gorokuhdcp.com/roku-universal-remote/,"down the buttons of the battery. Navigate to the webpage",https://www.gorokuhdcp.com/roku-universal-remote/,"and dial the toll-free number +1-877-915-9680 to get more updates.",Nofollow,,"2018-06-21 16:43:31","2018-06-21 16:43:31",,,0,1,
56,66,10,0,https://www.smartguy.com/gorokuhdcp,"GorokuHdcp | Tampa | SmartGuy",38,6,https://www.gorokuhdcp.com/,,"Click Here to view website",,Dofollow,,"2018-07-02 20:08:14","2018-07-02 20:08:14",,en,0,0,
57,66,10,0,https://www.smartguy.com/gorokuhdcp,"GorokuHdcp | Tampa | SmartGuy",38,6,http://www.gorokuhdcp.com/,,"Click Here to view website",,Dofollow,,"2018-07-02 20:08:14","2018-07-02 20:08:14",,en,0,0,
58,65,10,0,https://www.fotothing.com/gorokuhdcp/photo/9794a8520ef691ad0ec3731b8a3b8cff/,"Follow the Quick Start Guide that comes with Roku device. In order to activate your Roku streaming device, ...",31,2,https://www.gorokuhdcp.com/,"support team through the toll-free number at +1-877-915-9680 or visit",https://www.gorokuhdcp.com/,,Nofollow,,"2018-07-06 18:03:52","2018-07-06 18:03:52",,,0,0,
59,66,10,0,https://www.smartguy.com/index.php/gorokuhdcp,"GorokuHdcp | Tampa | SmartGuy",32,6,https://www.gorokuhdcp.com/,,"Click Here to view website",,Dofollow,,"2018-07-05 17:35:59","2018-07-05 17:35:59",,en,0,0,
60,66,10,0,https://www.smartguy.com/index.php/gorokuhdcp,"GorokuHdcp | Tampa | SmartGuy",32,6,http://www.gorokuhdcp.com/,,"Click Here to view website",,Dofollow,,"2018-07-05 17:35:59","2018-07-05 17:35:59",,en,0,0,
61,66,10,0,http://www.smartguy.com/gorokuhdcp,"GorokuHdcp | Tampa | SmartGuy",38,6,https://www.gorokuhdcp.com/,,"Click Here to view website",,Dofollow,,"2018-07-02 10:40:06","2018-07-02 10:40:06",,en,0,0,
62,66,10,0,http://www.smartguy.com/gorokuhdcp,"GorokuHdcp | Tampa | SmartGuy",38,6,http://www.gorokuhdcp.com/,,"Click Here to view website",,Dofollow,,"2018-07-02 10:40:06","2018-07-02 10:40:06",,en,0,0,
63,66,10,0,http://www.smartguy.com/index.php/gorokuhdcp,"GorokuHdcp | Tampa | SmartGuy",38,6,https://www.gorokuhdcp.com/,,"Click Here to view website",,Dofollow,,"2018-07-02 08:06:28","2018-07-02 08:06:28",,en,0,0,
64,66,10,0,http://www.smartguy.com/index.php/gorokuhdcp,"GorokuHdcp | Tampa | SmartGuy",38,6,http://www.gorokuhdcp.com/,,"Click Here to view website",,Dofollow,,"2018-07-02 08:06:28","2018-07-02 08:06:28",,en,0,0,
65,61,10,0,http://citynews.com/classifieds/category/397/computer/listings/225210/Do-you-want-to-setup-the-Roku-account.html,"Do you want to setup the Roku account? : computer",31,19,https://www.gorokuhdcp.com/,,"Visit My Web Site",,"Nofollow, Content",,"2018-05-22 03:59:25","2018-05-22 03:59:25",,en,0,0,
66,29,10,0,http://www.freeadsbook.com/services/computer-web-services/roku-3-remote-control-buttons-replacement-652694.htm,"Real Estate, Vehicles, Pets, Jobs, & Services | FreeAdsBook.com",55,15,https://www.gorokuhdcp.com/,"by dial the toll-free number 1-877-915-9680 or visit us at",go.roku.com/hdcp,.,"Nofollow, Content",,"2018-06-25 20:10:08","2018-06-25 20:10:08",,en,0,0,
67,21,10,0,http://infomapp.com/p/how-to-do-screen-mirroring-on-roku/,"How To Do Screen Mirroring on Roku - InfoMapp.com",121,1,https://www.gorokuhdcp.com/,"more information on screen mirroring are given on our website","Roku com/link",".Moreover get our assistance on our toll-free number","Dofollow, Content",,"2018-06-13 02:44:57","2018-06-13 02:44:57",,en,0,0,
68,21,10,0,http://infomapp.com/u/gorokuhdcp/,"User Profile @gorokuhdcp - InfoMapp.com",121,1,https://www.gorokuhdcp.com/,"more information on screen mirroring are given on our website","Roku com/link",".Moreover get our assistance on our toll-free number","Dofollow, Content",,"2018-06-14 00:01:06","2018-06-14 00:01:06",,en,0,0,
69,65,10,0,https://www.golocal247.com/b/tampa-fl/entertainers,"Entertainers - Tampa, FL",53,14,https://www.gorokuhdcp.com/,,"| Website",,Nofollow,,"2018-05-20 00:40:11","2018-05-20 00:40:11",,en,0,0,
70,65,10,0,https://www.golocal247.com/b/tampa-fl/entertainers,"Entertainers - Tampa, FL",53,14,http://www.gorokuhdcp.com/,,"| Website",,Nofollow,,"2018-05-20 00:40:11","2018-05-20 00:40:11",,en,0,0,
71,66,10,0,https://www.smartguy.com/home/company/gorokuhdcp/258916,"GorokuHdcp | smartguy.com",28,15,http://www.gorokuhdcp.com/,,www.gorokuhdcp.com/,,Dofollow,Dropped,"2018-04-26 14:53:46","2018-04-26 14:53:46","2018-05-25 13:54:50",en,0,0,
72,62,10,0,https://www.profilecanada.com/companydetail.cfm?company=257924_gorokuhdcp_Tamworth_ON,"gorokuhdcp - Tamworth, ON, Tamworth, ON | ProfileCanada.com",46,15,https://www.gorokuhdcp.com/,,www.gorokuhdcp.com,,Nofollow,,"2018-06-18 11:43:22","2018-06-18 11:43:22",,,0,0,
73,36,10,0,http://new.rapichat.com/story.php?title=unauthorized-content-issue-in-roku,"Unauthorized Content Issue in Roku | New.RapiChat.com",77,22,https://www.gorokuhdcp.com/,,"Unauthorized Content Issue in Roku",,Nofollow,,"2018-05-21 22:55:51","2018-07-06 23:19:08",,en,0,0,
74,61,10,0,http://www.citynews.com/classifieds/category/397/computer/listings/225210/Do-you-want-to-setup-the-Roku-account.html,"Do you want to setup the Roku account? : computer",31,19,https://www.gorokuhdcp.com/,,"Visit My Web Site",,"Nofollow, Content",Dropped,"2018-05-11 04:06:57","2018-05-11 04:06:57","2018-05-31 23:49:16",en,0,0,
75,38,10,0,http://www.gabbleworld.com/profile/gorokuhdcp,"GabbleWorld - Member Profile - Payton Christie",19,11,https://www.gorokuhdcp.com/,,http://www.gorokuhdcp.com/,,Dofollow,,"2018-06-18 16:20:47","2018-06-18 16:20:47",,en,0,0,
76,38,10,0,http://www.gabbleworld.com/profile/gorokuhdcp,"GabbleWorld - Member Profile - Payton Christie",19,11,http://www.gorokuhdcp.com/,,http://www.gorokuhdcp.com/,,Dofollow,,"2018-06-18 16:20:47","2018-06-18 16:20:47",,en,0,0,
77,45,9,0,https://www.keyword-suggest-tool.com/search/roku+3+universal+remote/,"™ ""Roku 3 universal remote"" Keyword Found Websites Listing | Keyword Suggestions",71,17,https://www.gorokuhdcp.com/roku-universal-remote/,,https://www.gorokuhdcp.com/roku-universal-remote/,,Nofollow,,"2018-07-09 18:32:35","2018-07-09 18:32:35",,en,0,0,
78,15,9,0,http://www.dewalist.com/0/posts/9-Entertainment/74-Movies/516879-Technical-Support-for-Various-Roku-Issues.html,"Technical Support for Various Roku Issues - World Free Classified Ads Online | Community Classifieds | Dewalist",41,24,https://www.gorokuhdcp.com/how-to-activate-your-roku-device/,,go.roku.com/hdcp,,"Dofollow, Content",,"2018-06-02 14:51:09","2018-07-11 12:58:12",,en,0,0,
79,57,9,0,http://getfreelisting.com/get-solution-for-roku-com-hdcp-error/849681,"Get Solution For Roku Com Hdcp Error, Services Other, in Tampa, FL, USA - Free Local Classifieds - at GetFreeListing.com",11,2,https://www.gorokuhdcp.com/,,"Web Site",,Nofollow,,"2018-05-10 19:41:18","2018-07-01 19:06:29",,en,0,0,
80,50,9,0,http://www.mysheriff.net/profile/internet-service/tampa/930841999/,"Internet Service Tampa | gorokuhdcp",58,5,https://www.gorokuhdcp.com/,,Website,,Nofollow,,"2018-06-18 13:47:39","2018-06-26 20:04:35",,en,0,0,
81,50,9,0,http://www.mysheriff.net/profile/internet-service/tampa/930841999/,"Internet Service Tampa | gorokuhdcp",58,5,http://www.gorokuhdcp.com/,,Website,,Nofollow,,"2018-06-18 13:47:39","2018-06-26 20:04:35",,en,0,0,
82,45,9,0,https://www.keyword-suggest-tool.com/search/roku+universal+remote/,"™ ""Roku universal remote"" Keyword Found Websites Listing | Keyword Suggestions",72,19,https://www.gorokuhdcp.com/roku-universal-remote/,,https://www.gorokuhdcp.com/roku-universal-remote/,,Nofollow,,"2018-06-11 19:09:02","2018-06-11 19:09:02",,en,0,0,
83,54,9,0,http://busylisting.com/get-solution-for-roku-com-hdcp-error/849681,"Get Solution For Roku Com Hdcp Error, Services Other, in Tampa, FL, USA - Free Local Classifieds - at BusyListing.com",10,2,https://www.gorokuhdcp.com/,,"Web Site",,Nofollow,,"2018-05-10 13:06:28","2018-05-10 13:06:28",,en,0,0,
84,45,9,0,https://www.keyword-suggest-tool.com/search/roku+hdcp+unauthorized+content+disabled/,"™ ""Roku hdcp unauthorized content disabled"" Keyword Found Websites Listing | Keyword Suggestions",71,17,https://www.gorokuhdcp.com/,,https://www.gorokuhdcp.com/,,Nofollow,,"2018-06-18 10:49:29","2018-06-18 10:49:29",,en,0,0,
85,54,9,0,http://www.rankank.com/list/1193.html,"1193 - rankank.com",32,15156,https://gorokuhdcp.com/,,gorokuhdcp.com,,Nofollow,,"2018-06-27 05:06:36","2018-07-12 17:58:04",,,0,0,
86,54,9,0,http://www.rankank.com/list/1193.html,"1193 - rankank.com",32,15156,http://gorokuhdcp.com/,,gorokuhdcp.com,,Nofollow,,"2018-05-04 02:45:43","2018-07-12 17:58:04",,,0,0,
87,53,9,0,"http://blurpalicious.com/roku com link/","Roku Com Link - Blurpalicious",155,9,https://www.gorokuhdcp.com/,"may face some issues while streaming the content such as",roku.com/hdcp,"unauthorized content disabled. To fix such issue you may contact",Dofollow,"Link removed","2018-05-07 21:51:32","2018-06-01 00:24:43","2018-06-09 17:05:25",en,0,0,
88,53,9,0,"http://www.blurpalicious.com/Roku com link/","Roku Com Link - Blurpalicious",155,9,https://www.gorokuhdcp.com/,"may face some issues while streaming the content such as",roku.com/hdcp,"unauthorized content disabled. To fix such issue you may contact",Dofollow,Dropped,"2018-05-28 08:12:25","2018-05-28 08:12:25","2018-06-19 15:52:21",en,0,0,
89,45,9,0,https://www.keyword-suggest-tool.com/search/hdcp+message+on+roku/,"™ ""Hdcp message on roku"" Keyword Found Websites Listing | Keyword Suggestions",72,18,https://www.gorokuhdcp.com/contact-us/,,https://www.gorokuhdcp.com/contact-us/,,Nofollow,,"2018-06-17 00:47:29","2018-06-17 00:47:29",,en,0,0,
90,40,9,0,http://london.photoads.co.uk/services/entertainment/131597-Are-you-facing-an-issue-on-Roku-universal-remote.html,"London : Are you facing an issue on Roku universal remote? Free Ads Classified Ads buy and sell online",171,19,https://www.gorokuhdcp.com/,"learn more about the Universal Roku Remote troubleshooting call our","Go Roku HDCP","Support team @ +1-877-915-9680. We also provide support for Roku","Nofollow, Content","Redirected 302 redirect","2018-03-13 23:41:30","2018-05-26 10:04:08","2018-07-15 09:09:46",en,0,0,
91,45,9,0,https://www.keyword-suggest-tool.com/search/enter+roku+activation+code/,"™ ""Enter roku activation code"" Keyword Found Websites Listing | Keyword Suggestions",72,19,https://www.gorokuhdcp.com/roku-activation-code/,,https://www.gorokuhdcp.com/roku-activation-code/,,Nofollow,,"2018-07-17 16:16:34","2018-07-17 16:16:34",,en,0,0,
92,2,9,5,http://www.ip-address-location.com/sitelist/411.html,"Page 411 - sites - ip-address-location.com",13,15226,https://gorokuhdcp.com/,,gorokuhdcp.com,,Nofollow,,"2018-07-02 02:43:39","2018-07-10 09:56:30",,,0,0,
93,2,9,5,http://www.ip-address-location.com/sitelist/411.html,"Page 411 - sites - ip-address-location.com",13,15226,http://gorokuhdcp.com/,,gorokuhdcp.com,,Nofollow,,"2018-07-02 02:43:39","2018-07-10 09:56:30",,,0,0,
94,50,9,0,http://www.thefreeadforum.com/classifieds/category/305/Entertainment/listings/1100490/To-fix-rokucomhdcp-unauthorized-content-disabled.html,"Tampa : To fix roku.com/hdcp unauthorized content disabled : Entertainment",36,34,https://www.gorokuhdcp.com/,"and Power - cycle Roku Streaming device for resolving the","Roku com Hdcp",error.,"Nofollow, Content",,"2018-07-17 05:57:29","2018-07-17 05:57:29",,en,0,0,
95,33,9,0,https://www.bizfo.co.uk/classifieds/ads/gorokuhdcp/,"gorokuhdcp « Bizfo | Free Classified Ads | UK Classifieds | Buy Sell Online",52,6,https://www.gorokuhdcp.com/,,"Visit Link Here",,Nofollow,,"2018-06-27 17:55:20","2018-07-19 19:08:47",,en,0,0,
96,53,9,0,http://blurpalicious.com/p/get-help-desk-rokucomhdcp-errors/,"Get Help Desk For Roku.com/hdcp Errors - Blurpalicious",132,1,https://www.gorokuhdcp.com/,"may face some issues while streaming the content such as",roku.com/hdcp,"unauthorized content disabled. To fix such issue you may contact","Dofollow, Content",Dropped,"2018-05-13 14:28:52","2018-05-13 14:28:52","2018-06-19 15:35:14",en,0,0,
97,53,9,0,"http://blurpalicious.com/roku com hdcp/","Roku Com Hdcp - Blurpalicious",123,1,https://www.gorokuhdcp.com/,"may face some issues while streaming the content such as",roku.com/hdcp,"unauthorized content disabled. To fix such issue you may contact","Dofollow, Content",Dropped,"2018-05-14 09:39:43","2018-05-14 09:39:43","2018-06-19 15:42:26",en,0,0,
98,53,9,0,http://blurpalicious.com/u/gorokuhdcp/,"User Profile @gorokuhdcp - Blurpalicious",123,4,https://www.gorokuhdcp.com/,,www.gorokuhdcp.com,,Dofollow,Dropped,"2018-05-13 20:24:01","2018-05-13 20:24:01","2018-06-19 15:44:54",en,0,0,
99,53,9,0,http://blurpalicious.com/u/gorokuhdcp/,"User Profile @gorokuhdcp - Blurpalicious",123,4,http://www.gorokuhdcp.com/,,www.gorokuhdcp.com,,Dofollow,Dropped,"2018-05-13 20:24:01","2018-05-13 20:24:01","2018-06-19 15:44:54",en,0,0,
100,38,9,0,http://gabbleworld.com/profile/gorokuhdcp?mobile=0,"GabbleWorld - Member Profile - Payton Christie",19,11,https://www.gorokuhdcp.com/,,http://www.gorokuhdcp.com/,,Dofollow,,"2018-07-01 07:27:38","2018-07-01 07:27:38",,en,0,0,
101,38,9,0,http://gabbleworld.com/profile/gorokuhdcp?mobile=0,"GabbleWorld - Member Profile - Payton Christie",19,11,http://www.gorokuhdcp.com/,,http://www.gorokuhdcp.com/,,Dofollow,,"2018-07-01 07:27:38","2018-07-01 07:27:38",,en,0,0,
102,51,9,0,http://identyme.com/gorokuhdcp,"Goroku HDCP United States - IdentyMe",5,4,https://www.gorokuhdcp.com/,,https://www.gorokuhdcp.com/,,Dofollow,,"2018-05-05 13:18:59","2018-06-22 05:22:45",,,0,0,
103,51,9,0,http://identyme.com/index.php/gorokuhdcp,"Goroku HDCP United States - IdentyMe",5,4,https://www.gorokuhdcp.com/,,https://www.gorokuhdcp.com/,,Dofollow,,"2018-05-04 02:44:47","2018-07-08 14:22:35",,,0,0,
104,45,9,0,https://www.keyword-suggest-tool.com/search/hdcp/,"™ ""Hdcp"" Keyword Found Websites Listing | Keyword Suggestions",69,18,https://www.gorokuhdcp.com/contact-us/,https://www.gorokuhdcp.com/contact-us/,,,Nofollow,,"2018-05-03 12:15:32","2018-05-03 12:15:32",,en,0,0,
105,53,9,0,http://www.blurpalicious.com/p/get-help-desk-rokucomhdcp-errors/,"Get Help Desk For Roku.com/hdcp Errors - Blurpalicious",133,1,https://www.gorokuhdcp.com/,"may face some issues while streaming the content such as",roku.com/hdcp,"unauthorized content disabled. To fix such issue you may contact","Dofollow, Content",Dropped,"2018-05-11 02:11:48","2018-05-11 02:11:48","2018-06-19 16:04:11",en,0,0,
106,53,9,0,"http://www.blurpalicious.com/roku com hdcp/","Roku Com Hdcp - Blurpalicious",122,1,https://www.gorokuhdcp.com/,"may face some issues while streaming the content such as",roku.com/hdcp,"unauthorized content disabled. To fix such issue you may contact","Dofollow, Content",Dropped,"2018-05-10 08:53:03","2018-05-10 08:53:03","2018-06-19 16:15:50",en,0,0,
107,53,9,0,http://www.blurpalicious.com/u/gorokuhdcp/,"User Profile @gorokuhdcp - Blurpalicious",124,4,https://www.gorokuhdcp.com/,,www.gorokuhdcp.com,,Dofollow,Dropped,"2018-05-07 19:26:09","2018-05-07 19:26:09","2018-06-19 16:22:20",,0,0,
108,53,9,0,http://www.blurpalicious.com/u/gorokuhdcp/,"User Profile @gorokuhdcp - Blurpalicious",124,4,http://www.gorokuhdcp.com/,,www.gorokuhdcp.com,,Dofollow,Dropped,"2018-05-07 19:26:09","2018-05-07 19:26:09","2018-06-19 16:22:20",,0,0,
109,7,9,0,http://freebestads.com/458/posts/4-Entertainment/28-Movies-TV/866400-support-for-watch-the-google-play-movies-on-your-roku-.html,"support for watch the google play movies on your roku - Florida, USA - Best Free Classified Ads",31,2,https://www.gorokuhdcp.com/,"related to Roku Roku google play shows and movies visit",go.roku.com/hdcp,,"Dofollow, Content",,"2018-07-19 03:17:20","2018-07-19 03:17:20",,en,0,0,
110,50,9,0,http://www.bizcommunity.africa/Profile/GorokuHDCP/c-544,"Goroku HDCP",444,79,https://www.gorokuhdcp.com/,,www.gorokuhdcp.com,,Nofollow,,"2018-05-09 06:00:19","2018-05-09 06:00:19",,en,0,0,
111,50,9,0,http://www.bizcommunity.africa/Profile/GorokuHDCP/c-544,"Goroku HDCP",444,79,http://www.gorokuhdcp.com/,,www.gorokuhdcp.com,,Nofollow,,"2018-05-09 06:00:19","2018-05-09 06:00:19",,en,0,0,
112,18,9,0,http://web-free-ads.com/-1/posts/12-Business/73-Internet/776414-Learn-how-to-get-the-best-display-on-Roku.html,"Learn how to get the best display on Roku - United States - Web-Free-Ads.com | Free Classifieds",38,5,https://www.gorokuhdcp.com/,"and improved with 4k? You must also check if the",go.roku.com/hdcp,,"Dofollow, Content",,"2018-06-17 15:43:41","2018-06-17 15:43:41",,en,0,0,
113,35,9,0,http://www.newbusinesspower.com/profile/gorokuhdcp,"NewBusinessPower - Member Profile - Nicki Pelazza",20,3,https://www.gorokuhdcp.com/,,http://www.gorokuhdcp.com,,Dofollow,,"2018-06-04 22:10:49","2018-06-04 22:10:49",,en,0,0,
114,35,9,0,http://www.newbusinesspower.com/profile/gorokuhdcp,"NewBusinessPower - Member Profile - Nicki Pelazza",20,3,http://www.gorokuhdcp.com/,,http://www.gorokuhdcp.com,,Dofollow,,"2018-06-04 22:10:49","2018-06-04 22:10:49",,en,0,0,
115,45,9,0,https://www.keyword-suggest-tool.com/search/roku+hdcp+unauthorized+error/,"™ ""Roku hdcp unauthorized error"" Keyword Found Websites Listing | Keyword Suggestions",64,17,https://www.gorokuhdcp.com/,https://www.gorokuhdcp.com/,,,Nofollow,,"2018-05-02 06:20:40","2018-05-02 06:20:40",,en,0,0,
116,26,9,0,http://www.w3datingsite.com/search/videos-on-roku,"videos on roku | Best Media Streaming Devices | Streaming devices News",75,22,https://www.gorokuhdcp.com/,"Roku.com/hdcp - Troubleshoot unauthorizedRoku…",,,Nofollow,,"2018-03-26 13:06:32","2018-03-26 13:06:32",,,0,0,
117,43,9,0,http://application.247ebookmark.com/story.php?title=link-the-activation-code-to-your-roku,"Link the activation code to your Roku | My Site",43,37,https://www.gorokuhdcp.com/how-to-activate-your-roku-device/,,"Link the activation code to your Roku",,Dofollow,Dropped,"2018-03-20 20:05:04","2018-06-23 04:09:24","2018-06-29 04:01:34",en,0,0,
118,43,9,0,http://lifestyle.247ebookmark.com/story.php?title=audio-guide-on-roku-players,"Audio Guide on Roku Players | My Site",45,37,https://www.gorokuhdcp.com/how-to-activate-your-roku-device/,,"Audio Guide on Roku Players",,Dofollow,Dropped,"2018-03-21 21:56:21","2018-06-23 15:33:16","2018-06-29 04:09:32",en,0,0,
119,39,9,0,http://www.yoomark.com/user/gorokuhdcp/commented/,"gorokuhdcp - Commented | Yoomark",25,4,https://www.gorokuhdcp.com/,,"Homepage https://www.gorokuhdcp.com/",,Nofollow,,"2018-05-31 16:18:48","2018-05-31 16:18:48",,en,0,0,
120,39,9,0,http://www.yoomark.com/user/gorokuhdcp/history/,"gorokuhdcp - Submitted Stories | Yoomark",28,17,https://www.gorokuhdcp.com/,,"Roku.com/hdcp - Troubleshoot unauthorized Roku HDCP Error",,Nofollow,,"2018-06-01 08:56:53","2018-06-01 08:56:53",,en,0,0,
121,39,9,0,http://www.yoomark.com/user/gorokuhdcp/published/,"gorokuhdcp - Published Stories | Yoomark",25,4,https://www.gorokuhdcp.com/,,"Homepage https://www.gorokuhdcp.com/",,Nofollow,,"2018-05-29 20:44:55","2018-05-29 20:44:55",,en,0,0,
122,38,9,0,http://www.webmastershowcase.com.au/upcoming/mixed/page/124?page=127&part=mixed&,"Upcoming | Page 124 | Webmaster Showcase",85,12,https://www.gorokuhdcp.com/,"Posted by gorokuhdcp (#697) 13 days ago (",https://www.gorokuhdcp.com,),Nofollow,,"2018-05-09 06:55:28","2018-05-09 06:55:28",,en,0,0,
123,38,9,0,http://mx1.webmastershowcase.com.au/upcoming/page/193?page=192,"Upcoming | Page 193 | Webmaster Showcase",82,12,https://www.gorokuhdcp.com/,"Posted by gorokuhdcp (#914) 15 days ago (",https://www.gorokuhdcp.com,),Nofollow,,"2018-05-11 01:43:24","2018-05-11 01:43:24",,en,0,0,
124,38,9,0,http://www.webmastershowcase.com.au/upcoming.php?page=380&part=year,"Upcoming | Page 380 | Webmaster Showcase",84,12,https://www.gorokuhdcp.com/,"Posted by gorokuhdcp (#2060) 29 days ago (",https://www.gorokuhdcp.com,),Nofollow,,"2018-05-25 03:21:47","2018-05-25 03:21:47",,en,0,0,
125,41,9,0,https://www.infolinks.top/go-roku.com/,"Go-roku.com | Linked At Least 70 Domains | IP: 54.71.92.204",49,22,https://www.gorokuhdcp.com/,"Roku.com/hdcp - Troubleshoot unauthorized Roku …",,,Nofollow,,"2018-07-06 04:23:12","2018-07-06 04:23:12",,en,0,0,
126,38,9,0,http://www.webmastershowcase.com.au/upcoming/html4/page/135?page=139&part=html4&,"Upcoming | Page 135 | Webmaster Showcase",85,12,https://www.gorokuhdcp.com/,"Posted by gorokuhdcp (#731) 14 days ago (",https://www.gorokuhdcp.com,),Nofollow,,"2018-05-09 12:47:51","2018-05-09 12:47:51",,en,0,0,
127,38,9,0,http://mx1.webmastershowcase.com.au/upcoming/html5/page/187?page=189&part=html5&,"Upcoming | Page 187 | Webmaster Showcase",85,12,https://www.gorokuhdcp.com/,"Posted by gorokuhdcp (#892) 15 days ago (",https://www.gorokuhdcp.com,),Nofollow,,"2018-05-10 20:19:24","2018-05-10 20:19:24",,en,0,0,
128,38,9,0,http://mx1.webmastershowcase.com.au/upcoming/html5/page/404?page=403&part=html5&,"Upcoming | Page 404 | Webmaster Showcase",91,12,https://www.gorokuhdcp.com/,"Posted by gorokuhdcp (#1612) 23 days ago (",https://www.gorokuhdcp.com,),Nofollow,,"2018-05-18 17:37:11","2018-05-18 17:37:11",,en,0,0,
129,38,9,0,http://mx1.webmastershowcase.com.au/upcoming/page/119?page=118,"Upcoming | Page 119 | Webmaster Showcase",81,12,https://www.gorokuhdcp.com/,"Posted by gorokuhdcp (#689) 13 days ago (",https://www.gorokuhdcp.com,),Nofollow,,"2018-05-09 04:37:05","2018-05-09 04:37:05",,en,0,0,
130,43,9,0,http://application.247ebookmark.com/user.php?login=gorokuhdcp&view=history,"User | gorokuhdcp | Submitted | My Site",33,23,https://www.gorokuhdcp.com/how-to-activate-your-roku-device/,"Posted by gorokuhdcp (#168) 26 days ago (",https://www.gorokuhdcp.com,),Dofollow,Dropped,"2018-03-27 11:30:16","2018-03-27 11:30:16","2018-06-29 04:02:44",en,0,0,
131,43,9,0,http://application.247ebookmark.com/user.php?login=gorokuhdcp&view=published,"User | gorokuhdcp | Published | My Site",33,23,https://www.gorokuhdcp.com/how-to-activate-your-roku-device/,"Posted by gorokuhdcp (#170) 26 days ago (",https://www.gorokuhdcp.com,),Dofollow,Dropped,"2018-03-28 02:27:57","2018-03-28 02:27:57","2018-06-29 04:02:44",,0,0,
132,43,9,0,http://application.247ebookmark.com/user.php?login=gorokuhdcp&view=voted,"User | gorokuhdcp | Voted | My Site",33,23,https://www.gorokuhdcp.com/how-to-activate-your-roku-device/,"Posted by gorokuhdcp (#170) 26 days ago (",https://www.gorokuhdcp.com,),Dofollow,Dropped,"2018-03-27 14:43:14","2018-03-27 14:43:14","2018-06-29 04:02:45",en,0,0,
133,43,9,0,http://lifestyle.247ebookmark.com/user.php?login=gorokuhdcp&view=history,"User | gorokuhdcp | Submitted | My Site",33,23,https://www.gorokuhdcp.com/how-to-activate-your-roku-device/,"Posted by gorokuhdcp (#159) 27 days ago (",https://www.gorokuhdcp.com,),Dofollow,Dropped,"2018-03-28 18:07:52","2018-03-28 18:07:52","2018-06-29 04:10:49",en,0,0,
134,43,9,0,http://lifestyle.247ebookmark.com/user.php?login=gorokuhdcp&view=published,"User | gorokuhdcp | Published | My Site",33,23,https://www.gorokuhdcp.com/how-to-activate-your-roku-device/,"Posted by gorokuhdcp (#160) 27 days ago (",https://www.gorokuhdcp.com,),Dofollow,Dropped,"2018-03-29 06:49:37","2018-03-29 06:49:37","2018-06-29 04:10:49",en,0,0,
135,43,9,0,http://marketing.247ebookmark.com/user.php?login=gorokuhdcp&view=history,"User | gorokuhdcp | Submitted | My Site",33,23,https://www.gorokuhdcp.com/how-to-activate-your-roku-device/,"Posted by gorokuhdcp (#148) 27 days ago (",https://www.gorokuhdcp.com,),Dofollow,Dropped,"2018-03-28 12:23:11","2018-03-28 12:23:11","2018-06-29 04:12:46",en,0,0,
136,43,9,0,http://marketing.247ebookmark.com/user.php?login=gorokuhdcp&view=voted,"User | gorokuhdcp | Voted | My Site",33,23,https://www.gorokuhdcp.com/how-to-activate-your-roku-device/,"Posted by gorokuhdcp (#148) 27 days ago (",https://www.gorokuhdcp.com,),Dofollow,Dropped,"2018-03-28 11:27:34","2018-03-28 11:27:34","2018-06-29 04:12:46",en,0,0,
137,38,9,0,http://mx1.webmastershowcase.com.au/upcoming/page/119?page=123,"Upcoming | Page 119 | Webmaster Showcase",87,12,https://www.gorokuhdcp.com/,"Posted by gorokuhdcp (#685) 13 days ago (",https://www.gorokuhdcp.com,),Nofollow,,"2018-05-09 04:18:42","2018-05-09 04:18:42",,en,0,0,
138,38,8,0,http://mx1.webmastershowcase.com.au/upcoming/cms/page/377?page=376&part=cms&,"Upcoming | Page 377 | Webmaster Showcase",86,12,https://www.gorokuhdcp.com/,"Posted by gorokuhdcp (#1509) 22 days ago (",https://www.gorokuhdcp.com,),Nofollow,,"2018-05-17 19:28:22","2018-05-17 19:28:22",,en,0,0,
139,38,8,0,http://mx1.webmastershowcase.com.au/upcoming/html4/page/337?page=336&part=html4&,"Upcoming | Page 337 | Webmaster Showcase",90,12,https://www.gorokuhdcp.com/,"Posted by gorokuhdcp (#1369) 20 days ago (",https://www.gorokuhdcp.com,),Nofollow,,"2018-05-16 07:59:39","2018-05-16 07:59:39",,en,0,0,
140,38,8,0,http://www.webmastershowcase.com.au/upcoming/page/322?page=318,"Upcoming | Page 322 | Webmaster Showcase",90,12,https://www.gorokuhdcp.com/,"Posted by gorokuhdcp (#1315) 20 days ago (",https://www.gorokuhdcp.com,),Nofollow,,"2018-05-15 12:48:35","2018-05-15 12:48:35",,en,0,0,
141,40,8,0,http://scotland.photoads.co.uk/services/computer/132718-Get-24-7-Technical-Support-Help-for-Roku.html,": Get 24*7 Technical Support Help for Roku Free Ads Classified Ads buy and sell online",170,19,https://www.gorokuhdcp.com/,,go.roku.com/hdcp,.,"Nofollow, Content",,"2018-07-05 09:01:39","2018-07-05 09:01:39",,en,0,0,
142,38,8,0,http://mx1.webmastershowcase.com.au/upcoming/cms/page/276?page=273&part=cms&,"Upcoming | Page 276 | Webmaster Showcase",87,12,https://www.gorokuhdcp.com/,"Posted by gorokuhdcp (#1179) 18 days ago (",https://www.gorokuhdcp.com,),Nofollow,,"2018-05-13 18:02:43","2018-05-13 18:02:43",,en,0,0,
143,43,8,0,http://marketing.247ebookmark.com/story.php?title=goroku-hdcp-support-team-for-network-connectivity-issue,"Goroku HDCP Support Team For Network Connectivity Issue | My Site",41,23,https://www.gorokuhdcp.com/how-to-activate-your-roku-device/,,"Goroku HDCP Support Team For Network Connectivity Issue",,"Dofollow, Content",Dropped,"2018-03-21 08:58:31","2018-03-21 08:58:31","2018-06-29 04:11:58",en,0,0,
144,38,8,0,http://mx1.webmastershowcase.com.au/upcoming/cms/page/139?page=136&part=cms&,"Upcoming | Page 139 | Webmaster Showcase",80,12,https://www.gorokuhdcp.com/,"Posted by gorokuhdcp (#744) 14 days ago (",https://www.gorokuhdcp.com,),Nofollow,,"2018-05-09 16:00:47","2018-05-09 16:00:47",,en,0,0,
145,40,8,0,http://cornwall.photoads.co.uk/services/computer/132718-Get-24-7-Technical-Support-Help-for-Roku.html,"Cornwall : Get 24*7 Technical Support Help for Roku Free Ads Classified Ads buy and sell online",168,19,https://www.gorokuhdcp.com/,,go.roku.com/hdcp,.,"Nofollow, Content",,"2018-07-04 00:07:25","2018-07-04 00:07:25",,en,0,0,
146,16,8,0,http://america.classifriedads.org/64616-How-to-Add-Roku-Channels.html,"How to Add Roku Channels - America - ClassiFRIEDads.org",44,2,https://www.gorokuhdcp.com/,"to watch the channel for 24 hours after you learn","how to add Roku channels",,"Dofollow, Content",,"2018-06-25 17:59:49","2018-06-25 17:59:49",,en,0,0,
147,40,8,0,http://glasgow.photoads.co.uk/services/computer/132718-Get-24-7-Technical-Support-Help-for-Roku.html,"Glasgow : Get 24*7 Technical Support Help for Roku Free Ads Classified Ads buy and sell online",168,19,https://www.gorokuhdcp.com/,,go.roku.com/hdcp,.,"Nofollow, Content",,"2018-07-04 09:52:19","2018-07-04 09:52:19",,en,0,0,
148,38,8,0,http://mx1.webmastershowcase.com.au/upcoming/cms/page/427?page=1&part=cms&,"Upcoming | Page 427 | Webmaster Showcase",87,13,https://www.gorokuhdcp.com/,"Posted by gorokuhdcp (#1708) 24 days ago (",https://www.gorokuhdcp.com,),Nofollow,,"2018-05-20 04:09:11","2018-05-20 04:09:11",,en,0,0,
149,38,8,0,http://mx1.webmastershowcase.com.au/upcoming/mixed/page/246?page=241&part=mixed&,"Upcoming | Page 246 | Webmaster Showcase",86,12,https://www.gorokuhdcp.com/,"Posted by gorokuhdcp (#1080) 16 days ago (",https://www.gorokuhdcp.com,),Nofollow,,"2018-05-12 09:49:32","2018-05-12 09:49:32",,en,0,0,
150,25,8,1,http://hyt.com/ads/c6040.shtml,"1AdsNetClassifieds: Business & Professional Services",27,63,https://www.gorokuhdcp.com/,"Web Site:",https://www.gorokuhdcp.com,,"Dofollow, Content",,"2018-07-10 18:19:04","2018-07-18 19:06:48",,en,0,0,
151,38,8,0,http://www.webmastershowcase.com.au/upcoming/all/page/309?page=304&part=all&,"Upcoming | Page 309 | Webmaster Showcase",87,12,https://www.gorokuhdcp.com/,"Posted by gorokuhdcp (#1281) 19 days ago (",https://www.gorokuhdcp.com,),Nofollow,,"2018-05-14 21:24:49","2018-05-14 21:24:49",,en,0,0,
152,38,8,0,http://mx1.webmastershowcase.com.au/upcoming/?page=325,"Upcoming | Page 325 | Webmaster Showcase",89,12,https://www.gorokuhdcp.com/,"Posted by gorokuhdcp (#1327) 20 days ago (",https://www.gorokuhdcp.com,),Nofollow,,"2018-05-15 16:53:44","2018-05-15 16:53:44",,en,0,0,
153,40,8,0,http://england.photoads.co.uk/services/computer/132718-Get-24-7-Technical-Support-Help-for-Roku.html,": Get 24*7 Technical Support Help for Roku Free Ads Classified Ads buy and sell online",174,19,https://www.gorokuhdcp.com/,,go.roku.com/hdcp,.,"Nofollow, Content",,"2018-06-19 15:32:04","2018-06-19 15:32:04",,en,0,0,
154,39,8,0,http://www.yoomark.com/user/gorokuhdcp/,"gorokuhdcp | Yoomark",25,4,https://www.gorokuhdcp.com/,,"Homepage https://www.gorokuhdcp.com/",,Nofollow," 404 not found","2018-05-19 13:38:55","2018-05-19 13:38:55","2018-06-29 20:56:04",en,0,0,
155,31,8,0,https://enetget.com/post/6323_gorokuhdcp-support-team-specialize-in-resolving-the-roku-com-hdcp-errors-for-mor.html,"Gorokuhdcp support team specialize in resolving th..",34,1,https://www.gorokuhdcp.com/,,"Roku.com/hdcp - Troubleshoot unauthorized Roku HDCP Error www.gorokuhdcp.com Roku.com/hdcp - Troubleshoot unauthorized Roku HDCP Error Call us @ +1-877-915-9680 if you found any HDCP unauthorized content disabled message problem. Contact us for troubleshooting Roku.com/HDCP error.",,"Dofollow, Image",,"2018-05-21 13:16:49","2018-07-19 02:27:07",,en,0,0,
156,38,8,0,http://fedklfe.webmastershowcase.com.au/upcoming.php?page=285&category=News,"News | Page 285 | Upcoming | Webmaster Showcase",81,12,https://www.gorokuhdcp.com/,"Posted by gorokuhdcp (#1214) 18 days ago (",https://www.gorokuhdcp.com,),Nofollow,,"2018-05-14 05:23:44","2018-05-14 05:23:44",,en,0,0,
157,38,8,0,http://mx1.webmastershowcase.com.au/upcoming.php?page=116&category=News,"News | Page 116 | Upcoming | Webmaster Showcase",87,12,https://www.gorokuhdcp.com/,"Posted by gorokuhdcp (#677) 13 days ago (",https://www.gorokuhdcp.com,),Nofollow,,"2018-05-09 00:52:54","2018-05-09 00:52:54",,en,0,0,
158,35,8,0,http://florida.kedna.com/ads/Computer-Services/All-about-Roku-Universal-Remote/635076.html,"All about Roku Universal Remote : Computer Services Florida",124,12,https://www.gorokuhdcp.com/,,"Visit My Web Site",,Nofollow,,"2018-05-16 17:52:49","2018-05-16 17:52:49",,en,0,0,
159,38,8,0,http://mx1.webmastershowcase.com.au/upcoming.php?page=33&category=News,"News | Page 33 | Upcoming | Webmaster Showcase",85,12,https://www.gorokuhdcp.com/,"Posted by gorokuhdcp (#434) 9 days ago (",https://www.gorokuhdcp.com,),Nofollow,,"2018-05-04 18:25:15","2018-05-04 18:25:15",,en,0,0,
160,38,8,0,http://mx1.webmastershowcase.com.au/upcoming/mixed/page/33?page=1&part=mixed&,"Upcoming | Page 33 | Webmaster Showcase",84,12,https://www.gorokuhdcp.com/,"Posted by gorokuhdcp (#434) 9 days ago (",https://www.gorokuhdcp.com,),Nofollow,,"2018-05-04 13:57:51","2018-05-04 13:57:51",,en,0,0,
161,38,8,0,http://mx1.webmastershowcase.com.au/upcoming/mixed/page/171?page=1&part=mixed&,"Upcoming | Page 171 | Webmaster Showcase",84,12,https://www.gorokuhdcp.com/,"Posted by gorokuhdcp (#846) 15 days ago (",https://www.gorokuhdcp.com,),Nofollow,,"2018-05-10 10:49:04","2018-05-10 10:49:04",,en,0,0,
162,38,8,0,http://mx1.webmastershowcase.com.au/upcoming/flash/page/263?page=262&part=flash&,"Upcoming | Page 263 | Webmaster Showcase",87,12,https://www.gorokuhdcp.com/,"Posted by gorokuhdcp (#1136) 17 days ago (",https://www.gorokuhdcp.com,),Nofollow,,"2018-05-13 07:04:47","2018-05-13 07:04:47",,en,0,0,
163,38,8,0,http://www.webmastershowcase.com.au/upcoming/flash/page/272?page=271&part=flash&,"Upcoming | Page 272 | Webmaster Showcase",87,12,https://www.gorokuhdcp.com/,"Posted by gorokuhdcp (#1164) 18 days ago (",https://www.gorokuhdcp.com,),Nofollow,,"2018-05-13 13:46:45","2018-05-13 13:46:45",,en,0,0,
164,38,8,0,http://mx1.webmastershowcase.com.au/upcoming/?page=22,"Upcoming | Page 22 | Webmaster Showcase",82,12,https://www.gorokuhdcp.com/,"Posted by gorokuhdcp (#427) 5 days ago (",https://www.gorokuhdcp.com,),Nofollow,,"2018-04-30 23:55:12","2018-04-30 23:55:12",,en,0,0,
165,23,8,0,http://www.topclassifieds.com/ads/0/posts/19-Electronics/179-TV-Home-Theater/3462393-More-Features-on-FXNOW.html,"More Features on FXNOW - Top Classifieds",125,5,https://www.gorokuhdcp.com/,"about the FX Now activation and features visit our website:",https://www.gorokuhdcp.com/,,"Dofollow, Content",,"2018-03-19 09:54:33","2018-03-19 09:54:33",,en,0,0,
166,34,8,0,https://www.outlived.co.uk/ads/how-to-connect-roku-to-tv/,"How to Connect Roku to TV",26,5,https://www.gorokuhdcp.com/,,https://www.gorokuhdcp.com/,,Nofollow,,"2018-06-26 12:07:23","2018-06-26 12:07:23",,en,0,0,
167,38,8,0,http://mx1.webmastershowcase.com.au/upcoming.php?part=month&category=News,"News | Upcoming | Webmaster Showcase",92,14,https://www.gorokuhdcp.com/,"Posted by gorokuhdcp (#1605) 23 days ago (",https://www.gorokuhdcp.com,),Nofollow,"Link removed","2018-05-18 15:45:25","2018-05-18 15:45:25","2018-05-27 07:38:25",en,0,0,
168,16,8,0,http://www.classifriedads.org/-60/posts/6-Services/75-Computer/64616-How-to-Add-Roku-Channels.html,"How to Add Roku Channels - America - ClassiFRIEDads.org",44,2,https://www.gorokuhdcp.com/,"to watch the channel for 24 hours after you learn","how to add Roku channels",,"Dofollow, Content",,"2018-06-25 22:20:35","2018-06-25 22:20:35",,en,0,0,
169,31,8,0,https://enetget.com/gorokuhdcp/following,"Goroku HDCP",45,2,https://www.gorokuhdcp.com/,,https://www.gorokuhdcp.com/,,Dofollow,,"2018-05-19 23:18:45","2018-07-02 03:31:11",,,0,0,
170,31,8,0,https://enetget.com/gorokuhdcp/likes,"Goroku HDCP",40,2,https://www.gorokuhdcp.com/,,https://www.gorokuhdcp.com/,,Dofollow,,"2018-05-22 00:58:37","2018-07-03 21:51:30",,,0,0,
171,2,8,3,http://www.ip-address-location.com/sitelist/385.html,"Page 385 - sites - ip-address-location.com",13,14723,http://gorokuhdcp.com/,,gorokuhdcp.com,,Nofollow,"Link removed","2018-06-20 00:05:33","2018-06-20 00:05:33","2018-06-27 15:10:21",,0,0,
172,42,8,0,http://www.bookmarkcore.com/story.php?title=add-popular-channels-to-the-roku-account,"Add Popular Channels to the Roku account | My Site",44,36,https://www.gorokuhdcp.com/how-to-activate-your-roku-device/,,"Add Popular Channels to the Roku account",,Dofollow,,"2018-04-07 21:27:24","2018-04-07 21:27:24",,en,0,0,
173,40,8,0,http://england.photoads.co.uk/services/entertainment/131597-Are-you-facing-an-issue-on-Roku-universal-remote.html,": Are you facing an issue on Roku universal remote? Free Ads Classified Ads buy and sell online",174,19,https://www.gorokuhdcp.com/,"learn more about the Universal Roku Remote troubleshooting call our","Go Roku HDCP","Support team @ +1-877-915-9680. We also provide support for Roku","Nofollow, Content","Redirected 302 redirect","2018-03-20 02:13:46","2018-05-31 18:15:36","2018-07-10 23:13:38",en,0,0,
174,32,8,0,http://www.mettablog.com/story-tag/computer-hardware/,"computer hardware Archives » MettaBlog.com - Submit Your Story",56,12,https://www.gorokuhdcp.com/,,gorokuhdcp.com,,Dofollow,,"2018-07-15 21:35:25","2018-07-15 21:35:25",,en,0,0,
175,31,8,0,https://enetget.com/gorokuhdcp/followers,"Goroku HDCP",41,2,https://www.gorokuhdcp.com/,,https://www.gorokuhdcp.com/,,Dofollow,,"2018-05-17 21:22:58","2018-06-26 13:00:54",,,0,0,
176,31,8,0,https://enetget.com/gorokuhdcp/groups,"Goroku HDCP",40,2,https://www.gorokuhdcp.com/,,https://www.gorokuhdcp.com/,,Dofollow,,"2018-05-18 10:39:33","2018-06-23 23:37:54",,,0,0,
177,31,8,0,https://choicebookmarks.com/user.php?login=gorokuhdcp&view=new,"User gorokuhdcp | New Choice Bookmarks",43,4,https://www.gorokuhdcp.com/,"go.roku.com/ All",https://www.gorokuhdcp.com,,Nofollow,,"2018-07-17 22:22:43","2018-07-17 22:22:43",,en,0,0,
178,31,8,0,https://choicebookmarks.com/user.php?login=gorokuhdcp&view=upvoted,"User gorokuhdcp | Upvoted Choice Bookmarks",43,4,https://www.gorokuhdcp.com/,"go.roku.com/ All",https://www.gorokuhdcp.com,,Nofollow,,"2018-07-18 12:35:42","2018-07-18 12:35:42",,en,0,0,
179,31,8,0,https://choicebookmarks.com/new.php?page=6492&part=alltime,"New | Page 6492 | Choice Bookmarks",122,8,https://www.gorokuhdcp.com/how-to-activate-your-roku-device/,"fix roku com hdcp All",https://www.gorokuhdcp.com,,Nofollow,,"2018-07-11 08:44:26","2018-07-11 08:44:26",,en,0,0,
180,31,8,0,https://choicebookmarks.com/user.php?login=gorokuhdcp&view=history,"User gorokuhdcp | Submitted Choice Bookmarks",43,4,https://www.gorokuhdcp.com/,"go.roku.com/ All",https://www.gorokuhdcp.com,,Nofollow,,"2018-07-11 23:20:04","2018-07-11 23:20:04",,en,0,0,
181,31,8,0,https://hub.fm/activate-roku-and-enjoy-watching-channels-61579.html,"Activate Roku and enjoy watching channels | Services | hub.fm",8,5,https://www.gorokuhdcp.com/,Website:,https://www.gorokuhdcp.com/,,"Dofollow, Content",,"2018-06-07 17:01:13","2018-06-15 15:27:52",,en,0,0,
182,32,8,0,http://www.mettablog.com/story-category/entertainment/page/5/,"Entertainment Archives - Page 5 of 10 - MettaBlog.com - Submit Your Story",70,17,https://www.gorokuhdcp.com/,,gorokuhdcp.com,,Dofollow,"Link removed","2018-06-03 19:47:36","2018-06-03 19:47:36","2018-06-11 20:53:09",en,0,0,
183,31,8,0,https://choicebookmarks.com/story.php?title=troubleshoot-unauthorized-roku-hdcp-error-on-your-device-,"Troubleshoot unauthorized Roku HDCP Error on your device. Choice Bookmarks",49,1,https://www.gorokuhdcp.com/,,"Troubleshoot unauthorized Roku HDCP Error on your device.",,Nofollow,,"2018-07-04 04:57:31","2018-07-04 04:57:31",,en,0,0,
184,17,8,0,http://www.american-classifieds.net/adpage.php?ad=450510,"What do you get with FXNOW channel?",122,9,http://www.gorokuhdcp.com/,,www.gorokuhdcp.com,,Nofollow,,"2018-03-11 14:35:35","2018-03-11 14:35:35",,en,0,0,
185,17,8,0,http://american-classifieds.net/adpage.php?ad=450510,"What do you get with FXNOW channel?",122,9,http://www.gorokuhdcp.com/,,www.gorokuhdcp.com,,Nofollow,,"2018-03-18 20:31:40","2018-03-18 20:31:40",,en,0,0,
186,21,8,0,http://www.sitedownrightnow.com/search/videos-on-roku,"videos on roku | Roku",74,22,https://www.gorokuhdcp.com/,"Roku.com/hdcp - Troubleshoot unauthorizedRoku…",,,Nofollow,"Link removed","2018-03-29 04:13:09","2018-06-14 08:36:52","2018-07-01 07:44:27",en,0,0,
187,13,8,0,https://www.linkcenter.com/us/electronics/televisions/,"Televisions directory ( US > Electronics > Televisions )",42,57,https://www.gorokuhdcp.com/,,"Go Roku HDCP",,Nofollow,,"2018-07-07 11:34:52","2018-07-16 04:52:57",,en,0,0,
188,29,8,0,http://www.usadsciti.com/services/computer-web-services/directv-now-on-roku-307341.htm,"Classifieds, Free Classifieds, Online Classifieds, Free Ads | US Ads Citi",69,14,https://www.gorokuhdcp.com/,"purchase a Roku. To learn more about Roku, visit",go.roku.com/hdcp,"or drop us a call at our",Nofollow,"Link removed","2018-06-18 18:59:57","2018-06-18 18:59:57","2018-07-10 15:59:57",en,0,0,
189,28,8,0,http://www.bizcommunity.co.ke/Profile/GorokuHDCP/c-544,"Goroku HDCP",444,81,https://www.gorokuhdcp.com/,,www.gorokuhdcp.com,,Nofollow,,"2018-05-05 22:40:58","2018-05-05 22:40:58",,en,0,0,
190,28,8,0,http://www.bizcommunity.co.ke/Profile/GorokuHDCP/c-544,"Goroku HDCP",444,81,http://www.gorokuhdcp.com/,,www.gorokuhdcp.com,,Nofollow,,"2018-05-05 22:40:58","2018-05-05 22:40:58",,en,0,0,
191,31,8,0,https://choicebookmarks.com/new.php?page=791,"New | Page 791 | Choice Bookmarks",108,8,https://www.gorokuhdcp.com/,"go.roku.com/ All",https://www.gorokuhdcp.com,,Nofollow,,"2018-06-24 04:25:39","2018-06-24 04:25:39",,en,0,0,
192,21,8,0,https://www.rokucomlinkaccount.com/go-roku-hdcp/,"How to fix the Purple Screen HDCP Unauthorized Issue - Go Roku HDCP",22,9,https://www.gorokuhdcp.com/,Visit,go.roku.com/hdcp,"for further details, if the issue cannot be resolved even","Dofollow, Content",,"2018-05-12 17:04:15","2018-07-08 09:03:35",,en,4.4,26,
193,5,8,1,http://rokuhowto.blogspot.com/2013/05/roku-remote-options.html,"Roku How To: Roku Remote Options",18,41,https://www.gorokuhdcp.com/,"remote tricks you have to activate the Roku account through","Roku com link",,Nofollow,,"2018-05-13 21:20:11","2018-07-05 22:19:46",,en,0,2,
194,23,8,0,http://www.topclassifieds.com/ads/-1/posts/19-Electronics/179-TV-Home-Theater/3462393-More-Features-on-FXNOW.html,"More Features on FXNOW - United States - Top Classifieds",126,5,https://www.gorokuhdcp.com/,"about the FX Now activation and features visit our website:",https://www.gorokuhdcp.com/,,"Dofollow, Content",,"2018-04-02 17:58:20","2018-04-02 17:58:20",,en,0,0,
195,21,8,0,http://www.sitedownrightnow.com/site/rokuchannels.tv,"rokuchannels.tv - Roku Channels | Public and Private Channel Guide",68,22,https://www.gorokuhdcp.com/,"Roku.com/hdcp - Troubleshoot unauthorized Roku …",,,Nofollow,,"2018-07-03 13:13:12","2018-07-03 13:13:12",,en,0,0,
196,28,8,0,http://www.vendanything.com/category/395/Business/listings/170600/Spectrum-TV-on-Roku-Device.html,"Tampa : Spectrum TV on Roku Device : Business",39,14,https://www.gorokuhdcp.com/,,"Visit My Web Site",,Nofollow,"Link removed","2018-06-29 19:03:51","2018-07-07 06:52:44","2018-07-15 00:07:44",en,0,0,
197,31,8,0,https://enetget.com/gorokuhdcp/family_list,"Goroku HDCP",41,2,https://www.gorokuhdcp.com/,,https://www.gorokuhdcp.com/,,Dofollow,,"2018-05-25 00:27:51","2018-05-25 00:27:51",,,0,0,
198,15,8,0,http://www.dewalist.com/-4/posts/9-Entertainment/74-Movies/516879-Technical-Support-for-Various-Roku-Issues.html,"Technical Support for Various Roku Issues - Americas - World Free Classified Ads Online | Community Classifieds | Dewalist",42,23,https://www.gorokuhdcp.com/how-to-activate-your-roku-device/,,go.roku.com/hdcp,,"Dofollow, Content",,"2018-06-16 21:01:15","2018-07-18 10:58:55",,en,0,0,
199,15,7,0,http://www.dewalist.com/0/posts/9/74/516879-Technical-Support-for-Various-Roku-Issues.html,"Technical Support for Various Roku Issues - World Free Classified Ads Online | Community Classifieds | Dewalist",41,24,https://www.gorokuhdcp.com/how-to-activate-your-roku-device/,,go.roku.com/hdcp,,"Dofollow, Content",,"2018-06-25 02:41:59","2018-06-25 02:41:59",,en,0,0,
200,17,7,0,http://www.american-classifieds.net/adpage.php?ad=475545,"Bring Home The Ultimate 4K Streaming Player – Roku",123,10,https://www.gorokuhdcp.com/,,www.gorokuhdcp.com/,,Nofollow,,"2018-06-26 12:34:49","2018-06-26 12:34:49",,en,0,0,
201,17,7,0,http://www.american-classifieds.net/adpage.php?ad=475545,"Bring Home The Ultimate 4K Streaming Player – Roku",123,10,http://www.gorokuhdcp.com/,,www.gorokuhdcp.com/,,Nofollow,,"2018-06-26 12:34:49","2018-06-26 12:34:49",,en,0,0,
202,25,7,0,http://www.bizcommunity.ug/Profile/GorokuHDCP/c-544,"Goroku HDCP",443,79,https://www.gorokuhdcp.com/,,www.gorokuhdcp.com,,Nofollow,,"2018-05-06 18:08:54","2018-06-14 12:59:20",,en,0,0,
203,25,7,0,http://www.bizcommunity.ug/Profile/GorokuHDCP/c-544,"Goroku HDCP",443,79,http://www.gorokuhdcp.com/,,www.gorokuhdcp.com,,Nofollow,,"2018-05-06 18:08:54","2018-06-14 12:59:20",,en,0,0,
204,13,7,0,http://www.linkcenter.com/us/electronics/televisions/,"Televisions directory ( US > Electronics > Televisions )",42,57,https://www.gorokuhdcp.com/,,"Go Roku HDCP",,Nofollow,,"2018-07-16 12:32:56","2018-07-16 12:32:56",,en,0,0,
205,15,7,0,http://www.dewalist.com/3/posts/9-Entertainment/74-Movies/516879-Technical-Support-for-Various-Roku-Issues.html,"Technical Support for Various Roku Issues - North America, Americas - World Free Classified Ads Online | Community Classifieds | Dewalist",42,23,https://www.gorokuhdcp.com/how-to-activate-your-roku-device/,,go.roku.com/hdcp,,"Dofollow, Content",,"2018-06-17 17:45:57","2018-07-17 02:33:14",,en,0,0,
206,18,7,0,http://web-free-ads.com/10/posts/12-Business/73-Internet/776414-Learn-how-to-get-the-best-display-on-Roku.html,"Learn how to get the best display on Roku - Florida, United States - Web-Free-Ads.com | Free Classifieds",39,5,https://www.gorokuhdcp.com/,"and improved with 4k? You must also check if the",go.roku.com/hdcp,,"Dofollow, Content",,"2018-06-17 22:44:51","2018-06-17 22:44:51",,en,0,0,
207,7,7,0,http://eonlineads.com/458/posts/4-Entertainment/28-Movies-TV/1063234-How-to-reduce-motion-blur-in-fast-moving-scenes-on-your-Roku-TV.html,"How to reduce motion blur in fast-moving scenes on your Roku TV - Florida, USA - Free Online Classified Ads",34,16,https://www.gorokuhdcp.com/,"Roku streamers while streaming through them are Purple screen or","roku com Hdcp",,"Dofollow, Content",,"2018-07-07 14:09:36","2018-07-15 21:46:21",,en,0,0,
208,25,7,0,http://www.hyt.com/ads/c8020.shtml,"1AdsNetClassifieds: Computer Consultants",29,6,https://www.gorokuhdcp.com/,"Web Site:",https://www.gorokuhdcp.com/,,"Dofollow, Content",,"2018-06-19 22:01:56","2018-07-17 11:04:10",,en,0,1,
209,25,7,0,http://www.hyt.com/ads/c6040.shtml,"1AdsNetClassifieds: Business & Professional Services",29,61,https://www.gorokuhdcp.com/,"Web Site:",https://www.gorokuhdcp.com,,"Dofollow, Content",,"2018-06-20 23:58:29","2018-07-16 08:53:37",,en,0,1,
210,16,7,0,http://flegoo.com/services/computer-tech-help/dial-1-877-915-9680-roku-tech-help_i131017,"Dial 1-877-915-9680 Roku Tech Help Tampa - Flegoo Classifieds",31,8,https://www.gorokuhdcp.com/,,https://www.gorokuhdcp.com/,,Dofollow,,"2018-06-10 07:54:57","2018-06-17 21:10:49",,en,0,0,
211,13,7,0,https://www.linkcenter.com/electronics/televisions/,"Televisions directory - USA",34,57,https://www.gorokuhdcp.com/,,"Go Roku HDCP",,Nofollow,,"2018-07-15 12:36:26","2018-07-15 12:36:26",,en,0,0,
212,26,7,0,http://www.bizcommunity.com.ng/Profile/GorokuHDCP/c-544,"Goroku HDCP",443,78,https://www.gorokuhdcp.com/,,www.gorokuhdcp.com,,Nofollow,,"2018-05-06 06:20:50","2018-05-06 06:20:50",,,0,0,
213,26,7,0,http://www.bizcommunity.com.ng/Profile/GorokuHDCP/c-544,"Goroku HDCP",443,78,http://www.gorokuhdcp.com/,,www.gorokuhdcp.com,,Nofollow,,"2018-05-06 06:20:50","2018-05-06 06:20:50",,,0,0,
214,16,7,0,http://canada.classifriedads.org/64616-How-to-Add-Roku-Channels.html,"How to Add Roku Channels - Canada, America - ClassiFRIEDads.org",45,2,https://www.gorokuhdcp.com/,"to watch the channel for 24 hours after you learn","how to add Roku channels",,"Dofollow, Content",,"2018-06-26 09:12:45","2018-06-26 09:12:45",,en,0,0,
215,25,7,0,http://www.hyt.com/ads/freeads/f6040.shtml,"1AdsNetClassifieds: Business & Professional Services",28,63,https://www.gorokuhdcp.com/,"Web Site:",https://www.gorokuhdcp.com,,"Dofollow, Content",,"2018-06-26 07:56:46","2018-07-19 17:43:23",,en,0,0,
216,16,7,0,http://www.classifriedads.org/565/posts/6-Services/75-Computer/64616-How-to-Add-Roku-Channels.html,"How to Add Roku Channels - Canada, America - ClassiFRIEDads.org",45,2,https://www.gorokuhdcp.com/,"to watch the channel for 24 hours after you learn","how to add Roku channels",,"Dofollow, Content",,"2018-06-26 07:51:26","2018-06-26 07:51:26",,en,0,0,
217,17,7,0,http://www.american-classifieds.net/adpage.php?ad=476831,"Streaming NBA Draft on Roku device",122,10,https://www.gorokuhdcp.com/,,www.gorokuhdcp.com/,,Nofollow,,"2018-07-02 10:56:50","2018-07-02 10:56:50",,en,0,0,
218,17,7,0,http://www.american-classifieds.net/adpage.php?ad=476831,"Streaming NBA Draft on Roku device",122,10,http://www.gorokuhdcp.com/,,www.gorokuhdcp.com/,,Nofollow,,"2018-07-02 10:56:50","2018-07-02 10:56:50",,en,0,0,
219,21,7,0,http://infomapp.com/page-5/,"Top Entries / Page 5 - InfoMapp.com",175,12,https://www.gorokuhdcp.com/,"more information on screen mirroring are given on our website","Roku com/link",".Moreover get our assistance on our toll-free number",Dofollow,"Link removed","2018-06-03 04:39:31","2018-06-03 04:39:31","2018-06-10 19:18:22",en,0,0,
220,1,7,0,http://computerreviewz.com/go-JxmSGP6pe1w/roku-with-failed-internet.html,"Roku With Failed Internet",63,6,https://www.gorokuhdcp.com/,,www.gorokuhdcp.com,,Nofollow,,"2018-04-28 03:50:29","2018-04-28 03:50:29",,en,0,0,
221,19,7,0,http://www.linkddl.com/search/roku-code-link,"roku code link | Go.roku.com/rss – Roku.com/link enter code",74,20,https://www.gorokuhdcp.com/,"Roku.com/hdcp - Troubleshoot unauthorizedRoku…",,,Nofollow,,"2018-07-13 01:56:42","2018-07-13 01:56:42",,en,0,0,
222,17,7,0,http://american-classifieds.net/adpage.php?ad=463802,"HDCP issues in Popular Channels",123,10,https://www.gorokuhdcp.com/,,www.gorokuhdcp.com/,,Nofollow,,"2018-05-20 02:24:21","2018-05-20 02:24:21",,en,0,0,
223,17,7,0,http://american-classifieds.net/adpage.php?ad=463802,"HDCP issues in Popular Channels",123,10,http://www.gorokuhdcp.com/,,www.gorokuhdcp.com/,,Nofollow,,"2018-05-20 02:24:21","2018-05-20 02:24:21",,en,0,0,
224,8,7,0,https://adsansar.com/technical-support-for-various-roku-issues/,"Technical Support for Various Roku Issues – AdSansar.com Post Advertisement Free",75,1,https://www.gorokuhdcp.com/,"our support team available for 24*7, or visit our website",go.roku.com/hdcp,.,"Dofollow, Content",,"2018-06-25 08:52:59","2018-07-17 09:29:17",,en,0,0,
225,17,7,0,http://www.bizcommunity.co.tz/Profile/GorokuHDCP/c-544,"Goroku HDCP",444,79,https://www.gorokuhdcp.com/,,www.gorokuhdcp.com,,Nofollow,,"2018-05-07 21:15:37","2018-06-30 13:32:32",,en,0,0,
226,17,7,0,http://www.bizcommunity.co.tz/Profile/GorokuHDCP/c-544,"Goroku HDCP",444,79,http://www.gorokuhdcp.com/,,www.gorokuhdcp.com,,Nofollow,,"2018-05-07 21:15:37","2018-06-30 13:32:32",,en,0,0,
227,5,7,0,http://www.au-e.com/site/go-roku.com,"go-roku.com - Roku.com/link | www.roku.com/link | go.roku.com/rss - Ro",68,9,https://www.gorokuhdcp.com/,"Roku.com/hdcp - Troubleshoot unauthorized Roku …",,,Nofollow,,"2018-04-09 12:45:16","2018-04-09 12:45:16",,en,0,0,
228,9,7,0,http://jraces.com/s_roku+activation+code/,"roku activation code-Jraces Sucher",1,8,https://www.gorokuhdcp.com/roku-activation-code/,,"Roku Activation Code - gorokuhdcp",,Nofollow,,"2018-07-03 22:41:08","2018-07-03 22:41:08",,en,0,0,
229,17,7,0,http://american-classifieds.net/adpage.php?ad=475545,"Bring Home The Ultimate 4K Streaming Player – Roku",123,10,https://www.gorokuhdcp.com/,,www.gorokuhdcp.com/,,Nofollow,,"2018-07-07 04:13:34","2018-07-07 04:13:34",,en,0,0,
230,17,7,0,http://american-classifieds.net/adpage.php?ad=475545,"Bring Home The Ultimate 4K Streaming Player – Roku",123,10,http://www.gorokuhdcp.com/,,www.gorokuhdcp.com/,,Nofollow,,"2018-07-07 04:13:34","2018-07-07 04:13:34",,en,0,0,
231,8,7,0,http://www.keyosa.com/search/videos-on-roku,"videos on roku | Roku",75,22,https://www.gorokuhdcp.com/,"Roku.com/hdcp - Troubleshoot unauthorizedRokuHDCP Error",,,Nofollow,,"2018-03-29 04:45:39","2018-06-08 08:52:56",,en,0,0,
232,17,7,0,http://american-classifieds.net/adpage.php?ad=476831,"Streaming NBA Draft on Roku device",123,10,https://www.gorokuhdcp.com/,,www.gorokuhdcp.com/,,Nofollow,,"2018-07-15 23:14:03","2018-07-15 23:14:03",,en,0,0,
233,17,7,0,http://american-classifieds.net/adpage.php?ad=476831,"Streaming NBA Draft on Roku device",123,10,http://www.gorokuhdcp.com/,,www.gorokuhdcp.com/,,Nofollow,,"2018-07-15 23:14:03","2018-07-15 23:14:03",,en,0,0,
234,9,7,0,http://jraces.com/s_roku+code+activation/,"roku code activation-Jraces Sucher",8,10,https://www.gorokuhdcp.com/roku-activation-code/,,"Roku Activation Code - gorokuhdcp",,Nofollow,,"2018-06-24 05:53:47","2018-06-24 05:53:47",,en,0,0,
235,16,7,0,http://www.bizcommunity.co.zw/Profile/GorokuHDCP/c-544,"Goroku HDCP",443,78,https://www.gorokuhdcp.com/,,www.gorokuhdcp.com,,Nofollow,,"2018-05-06 20:32:32","2018-05-06 20:32:32",,en,0,0,
236,16,7,0,http://www.bizcommunity.co.zw/Profile/GorokuHDCP/c-544,"Goroku HDCP",443,78,http://www.gorokuhdcp.com/,,www.gorokuhdcp.com,,Nofollow,,"2018-05-06 20:32:32","2018-05-06 20:32:32",,en,0,0,
237,15,7,0,http://www.4mark.net/story/411124/roku.com-hdcp-troubleshoot-unauthorized-roku-hdcp-error,"Roku.com/hdcp - Troubleshoot unauthorized Roku HDCP Error | Computer",25,2,https://www.gorokuhdcp.com/,,"Roku.com/hdcp - Troubleshoot unauthorized Roku HDCP Error",,"Dofollow, Image",,"2018-07-02 12:21:30","2018-07-02 12:21:30",,,0,0,
238,16,7,0,http://flegoo.com/for-sale/gadgets-electronics/download-the-roku-app-to-share-media-on-your-tv_i120752,"Download the Roku App to Share Media on your TV Tampa - Flegoo Classifieds",32,8,https://www.gorokuhdcp.com/,,https://www.gorokuhdcp.com/,,Dofollow,,"2018-05-06 13:00:59","2018-06-19 05:20:24",,en,0,0,
239,11,7,0,https://www.finditnowdirectory.com.au/places/united-states/florida/tampa/computers-1/how-to-connect-roku-to-tv/,"How to Connect Roku to TV | Find It Now Directory",26,7,https://www.gorokuhdcp.com/,"the link code displayed on the television screen. for brief details",go.roku.com/hdcp,.,Dofollow,,"2018-06-28 15:01:27","2018-07-15 10:33:33",,en,0,0,
240,8,7,0,https://www.smallbizpages.us/business-directory/wpbdp_category/telecommunications/,"Telecommunications Archives - SmallBizPages.us | US Free Small Business Directory",98,24,https://www.gorokuhdcp.com/,,Gorokuhdcp,,Dofollow,,"2018-06-16 10:21:41","2018-07-20 05:12:43",,en,0,1,
241,5,7,0,http://www.au-e.com/search/videos-on-roku,"videos on roku | Roku",75,24,https://www.gorokuhdcp.com/,"Roku.com/hdcp - Troubleshoot unauthorizedRokuHDCP Error",,,Nofollow,"Link removed","2018-03-29 09:08:26","2018-06-03 01:24:58","2018-07-14 06:44:22",en,0,0,
242,8,7,0,http://www.keyosa.com/site/rokuchannels.tv,"rokuchannels.tv - Roku Channels | Public and Private Channel Guide",70,23,https://www.gorokuhdcp.com/,"Roku.com/hdcp - Troubleshoot unauthorized Roku …",,,Nofollow,,"2018-07-04 09:52:16","2018-07-04 09:52:16",,en,0,0,
243,17,7,0,http://www.bizcommunity.com.gh/Profile/GorokuHDCP/c-544,"Goroku HDCP",441,78,https://www.gorokuhdcp.com/,,www.gorokuhdcp.com,,Nofollow,,"2018-07-12 17:43:23","2018-07-12 17:43:23",,en,0,0,
244,17,7,0,http://www.bizcommunity.com.gh/Profile/GorokuHDCP/c-544,"Goroku HDCP",441,78,http://www.gorokuhdcp.com/,,www.gorokuhdcp.com,,Nofollow,,"2018-07-12 17:43:23","2018-07-12 17:43:23",,en,0,0,
245,4,6,0,http://www.keywordniches.com/site/go-roku.com,"go-roku.com - Roku.com/link | www.roku.com/link | go.roku.com/rss - Ro",68,10,https://www.gorokuhdcp.com/,"Roku.com/hdcp - Troubleshoot unauthorized Roku …",,,Nofollow,,"2018-04-11 17:12:13","2018-04-11 17:12:13",,en,0,0,
246,8,6,0,http://www.keyosa.com/search/roku-activation-code,"roku activation code | Roku.com/link | Support for www.roku.com/link |",72,23,https://www.gorokuhdcp.com/,"Roku.com/hdcp - Troubleshoot unauthorizedRoku…",,,Nofollow,,"2018-06-04 10:57:51","2018-06-04 10:57:51",,en,0,0,
247,10,6,0,http://www.bizcommunity.co.zm/Profile/GorokuHDCP/c-544,"Goroku HDCP",443,76,https://www.gorokuhdcp.com/,,www.gorokuhdcp.com,,Nofollow,,"2018-05-06 14:37:03","2018-05-06 14:37:03",,en,0,0,
248,10,6,0,http://www.bizcommunity.co.zm/Profile/GorokuHDCP/c-544,"Goroku HDCP",443,76,http://www.gorokuhdcp.com/,,www.gorokuhdcp.com,,Nofollow,,"2018-05-06 14:37:03","2018-05-06 14:37:03",,en,0,0,
249,5,6,0,http://www.au-e.com/search/roku-com/link,"roku com | Roku",73,23,https://www.gorokuhdcp.com/,"Roku.com/hdcp - Troubleshoot unauthorizedRoku…",,,Nofollow,,"2018-04-26 02:15:34","2018-04-26 02:15:34",,en,0,0,
250,10,6,0,http://www.bookmarkpocket.com/technical-support-for-various-roku-issues/,"Technical Support for Various Roku Issues | Bookmark Pocket",22,18,https://www.gorokuhdcp.com/,,"Technical Support for Various Roku Issues",,Dofollow,,"2018-07-12 14:21:13","2018-07-12 14:21:13",,en,0,0,
251,10,6,0,http://www.classtize.com/view/best-technical-support-for-roku-activation-code-959548,"Best Technical Support For Roku activation code - Florida - Tampa ID959548 - Classtize",20,5,https://www.gorokuhdcp.com/,,"Visit Website",,"Nofollow, Content",,"2018-05-27 04:07:55","2018-07-14 02:08:12",,en,0,0,
252,10,6,0,http://www.classtize.com/view/best-technical-support-for-roku-activation-code-959548,"Best Technical Support For Roku activation code - Florida - Tampa ID959548 - Classtize",20,5,http://www.gorokuhdcp.com/,,"Visit Website",,"Nofollow, Content",,"2018-05-27 04:07:55","2018-07-14 02:08:12",,en,0,0,
253,5,6,0,http://mypetads.com/458/posts/4-Entertainment/28-Movies-TV/288501-Are-you-facing-the-activation-issue-on-Roku-Account-.html,"Are you facing the activation issue on Roku Account? - Florida, USA - My Free Pet Ads",12,2,https://www.gorokuhdcp.com/,"GorokuHDCP support team @ +1-877-915-9680 and chat with us @",https://www.gorokuhdcp.com,,Dofollow,,"2018-03-26 20:30:04","2018-03-26 20:30:04",,,0,0,
254,10,6,0,http://www.classtize.com/view/directv-now-on-roku-969927,"DirecTv now on Roku - Florida - Tampa ID969927 - Classtize",20,5,https://www.gorokuhdcp.com/,,"Visit Website",,"Nofollow, Content",,"2018-06-23 18:03:08","2018-06-23 18:03:08",,en,0,0,
255,10,6,0,http://www.classtize.com/view/directv-now-on-roku-969927,"DirecTv now on Roku - Florida - Tampa ID969927 - Classtize",20,5,http://www.gorokuhdcp.com/,,"Visit Website",,"Nofollow, Content",,"2018-06-23 18:03:08","2018-06-23 18:03:08",,en,0,0,
256,7,6,0,http://www.emutop.net/search/videos-on-roku,"videos on roku | Roku: Premium Porn Videos | Pornhub",77,22,https://www.gorokuhdcp.com/,"Roku.com/hdcp - Troubleshoot unauthorizedRoku…",,,Nofollow,"Link removed","2018-03-29 08:29:06","2018-03-29 08:29:06","2018-06-24 16:49:22",,0,0,
257,8,6,0,https://www.smallbizpages.us/business-directory/wpbdp_tag/go-roku-hdcp/,"go.roku/hdcp Archives - SmallBizPages.us | US Free Small Business Directory",22,15,https://www.gorokuhdcp.com/,,Gorokuhdcp,,Dofollow,,"2018-06-19 22:47:00","2018-07-09 20:00:13",,en,0,0,
258,7,6,0,http://www.emutop.net/search/roku-activation-code,"roku activation code | Roku.com/link | Support for www.roku.com/link |",63,12,https://www.gorokuhdcp.com/roku-activation-code/,"Roku Activation Code- gorokuhdcp",,,Nofollow,,"2018-06-22 02:16:18","2018-06-22 02:16:18",,en,0,0,
259,7,6,0,http://globalclassified.net/458/posts/4-Entertainment/28-Movies-TV/1127448-How-to-reduce-motion-blur-in-fast-moving-scenes-on-Roku.html,"How to reduce motion blur in fast-moving scenes on Roku - Florida, USA - Free Global Classified Ads",34,16,https://www.gorokuhdcp.com/,"procure the best stream.if you need any help related to",go.roku.com/hdcp,,"Dofollow, Content",,"2018-06-25 17:17:06","2018-06-25 17:17:06",,en,0,0,
260,7,6,0,http://www.emutop.net/search/roku-activation-code,"roku activation code | Roku.com/link | Support for www.roku.com/link |",73,25,https://www.gorokuhdcp.com/,"Roku.com/hdcp - Troubleshoot unauthorizedRoku…",,,Nofollow,"Link removed","2018-05-06 00:34:01","2018-05-06 00:34:01","2018-06-22 02:16:18",en,0,0,
261,7,6,0,http://www.emutop.net/search/roku-activation,"roku activation | Roku.com/link | Support for www.roku.com/link | …",72,22,https://www.gorokuhdcp.com/,"Roku.com/hdcp - Troubleshoot unauthorizedRoku…",,,Nofollow,"Link removed","2018-05-03 23:53:14","2018-05-03 23:53:14","2018-06-19 08:22:17",en,0,0,
262,7,6,0,http://www.emutop.net/site/go-roku.com,"go-roku.com - Roku.com/link | www.roku.com/link | go.roku.com/rss - Ro",117,11,https://www.gorokuhdcp.com/,"Roku.com/hdcp - Troubleshoot unauthorized Roku …",,,Nofollow,,"2018-06-24 02:58:07","2018-06-24 02:58:07",,en,0,0,
263,3,6,0,http://ezclassifiedads.com/458/posts/4-Entertainment/28-Movies-TV/54693-Get-Support-For-Roku-Account-Activation.html,"Get Support For Roku Account Activation - Florida, USA - Free Online Classifieds Ads",31,2,https://www.gorokuhdcp.com/,"call our team @ +1-877-915-9680 and chat with us @",https://www.gorokuhdcp.com,,Dofollow,,"2018-03-23 22:24:39","2018-03-23 22:24:39",,,0,0,
264,6,6,0,http://classifieds4free.biz/458/posts/3-Services/27-Other/536442-DirecTv-now-on-Roku.html,"DirecTv now on Roku - Florida, USA - Classifieds For Free",55,19,https://www.gorokuhdcp.com/,"and it is ultraportable. To learn more about Roku, visit",go.roku.com/hdcp,,"Dofollow, Content",,"2018-06-29 02:37:33","2018-06-29 02:37:33",,en,0,0,
265,8,6,0,http://www.keyosa.com/site/gorokuhdcp.com,"gorokuhdcp.com - Roku.com/hdcp - Troubleshoot unauthorized Roku HDCP E",73,3,https://www.gorokuhdcp.com/,"Roku.com/hdcp - Troubleshoot unauthorized Roku …",,,Nofollow,,"2018-04-07 14:45:24","2018-04-07 14:45:24",,en,0,0,
266,5,6,0,http://www.bizcommunity.com.na/Profile/GorokuHDCP/c-544,"Goroku HDCP",443,78,https://www.gorokuhdcp.com/,,www.gorokuhdcp.com,,Nofollow,,"2018-05-28 20:28:04","2018-05-28 20:28:04",,en,0,0,
267,5,6,0,http://www.bizcommunity.com.na/Profile/GorokuHDCP/c-544,"Goroku HDCP",443,78,http://www.gorokuhdcp.com/,,www.gorokuhdcp.com,,Nofollow,,"2018-05-05 01:49:17","2018-05-28 20:28:04",,en,0,0,
268,4,6,0,http://www.statgaga.com/list/411/,"Page 411 - sites - statgaga.com",33,14929,http://gorokuhdcp.com/,,gorokuhdcp.com,,Nofollow,"Redirected 301 moved permanently","2018-06-25 01:27:43","2018-06-25 01:27:43","2018-07-03 21:06:29",,0,3,
269,4,5,0,http://www.statgaga.com/list/264/,"Page 264 - sites - statgaga.com",33,14635,http://gorokuhdcp.com/,,gorokuhdcp.com,,Nofollow,"Link removed","2018-05-15 14:32:28","2018-06-11 00:13:55","2018-06-18 17:46:29",,0,0,
270,7,5,0,http://www.epagesite.com/search/videos-on-roku,"videos on roku | Roku: Premium Porn Videos | Pornhub",77,22,https://www.gorokuhdcp.com/,"Roku.com/hdcp - Troubleshoot unauthorizedRoku…",,,Nofollow,"Link removed","2018-03-30 17:46:16","2018-03-30 17:46:16","2018-04-07 08:22:36",en,0,0,
271,3,5,0,http://my-company-profile.com/Business/Small-Business/gorokuhdcp-l18567.html,"gorokuhdcp : Small Business :: Company Profiles",53,9,https://www.gorokuhdcp.com/,,gorokuhdcp,,Dofollow,,"2018-06-16 18:17:58","2018-07-19 02:15:10",,en,0,0,
272,2,5,0,http://www.topkeywords.info/search/videos-on-roku,"videos on roku | Roku",75,22,https://www.gorokuhdcp.com/,"Roku.com/hdcp - Troubleshoot unauthorizedRoku…",,,Nofollow,Dropped,"2018-03-29 05:56:03","2018-06-11 16:43:03","2018-07-09 11:36:47",,0,0,
273,2,5,0,http://mycitybusiness.net/keysearch_2.php?id=204228,"Free Business Listings -",22,26,https://www.gorokuhdcp.com/,,www.gorokuhdcp.com,,Nofollow,,"2018-06-12 12:17:35","2018-06-12 12:17:35",,en,0,0,
274,2,5,0,http://mycitybusiness.net/keysearch_2.php?id=204228,"Free Business Listings -",22,26,http://www.gorokuhdcp.com/,,www.gorokuhdcp.com,,Nofollow,,"2018-06-12 12:17:35","2018-06-12 12:17:35",,en,0,0,
275,4,5,0,http://socialbookmarkings.us/2018/06/15/roku-3-remote-control-buttons-replacement/,"Roku 3 Remote Control Buttons Replacement | Newsite",10,3,https://www.gorokuhdcp.com/,,"Roku 3 Remote Control Buttons Replacement",,Dofollow,,"2018-06-20 04:52:00","2018-06-28 07:37:24",,en,0,0,
276,2,5,0,http://www.bizcommunity.mu/Profile/GorokuHDCP/c-544,"Goroku HDCP",444,78,http://www.gorokuhdcp.com/,,www.gorokuhdcp.com,,Nofollow,,"2018-05-05 14:05:17","2018-05-05 14:05:17",,en,0,0,
277,5,5,0,http://nvnickel.com/?view=showad&adid=116938&cityid=-2&lang=en,"United States: Activate the Roku Device - nvnickel.com",81,8,http://www.gorokuhdcp.com/how-to-activate-your-roku-device,"You can chat with them @ +1-877-915-9680 and visit us",http://www.gorokuhdcp.com/how-to-activate-your-roku-device,,"Dofollow, Content",,"2018-03-29 22:17:18","2018-03-29 22:17:18",,en,0,0,
278,5,5,0,http://nvnickel.com/?view=showad&adid=116938&cityid=29&lang=en,"Nevada, United States: Activate the Roku Device - nvnickel.com",80,8,http://www.gorokuhdcp.com/how-to-activate-your-roku-device,"You can chat with them @ +1-877-915-9680 and visit us",http://www.gorokuhdcp.com/how-to-activate-your-roku-device,,"Dofollow, Content",,"2018-04-07 21:22:37","2018-04-07 21:22:37",,en,0,0,
279,1,4,0,http://www.websiteperu.com/search/roku-activation,"roku activation | Roku.com/link | Support for www.roku.com/link | …",71,20,https://www.gorokuhdcp.com/,"Roku.com/hdcp - Troubleshoot unauthorizedRoku…",,,Nofollow,,"2018-07-15 04:51:18","2018-07-15 04:51:18",,en,0,0,
280,4,4,0,http://www.keywordniches.com/search/videos-on-roku,"videos on roku | Best Media Streaming Devices | Streaming devices News",75,22,https://www.gorokuhdcp.com/,"Roku.com/hdcp - Troubleshoot unauthorizedRoku…",,,Nofollow,"Link removed","2018-03-26 21:26:15","2018-03-26 21:26:15","2018-06-29 09:46:28",,0,0,
281,1,4,0,http://www.websiteperu.com/site/rokuchannels.tv,,70,22,https://www.gorokuhdcp.com/,"Roku.com/hdcp - Troubleshoot unauthorized Roku …",,,Nofollow,,"2018-07-13 04:41:16","2018-07-13 04:41:16",,en,0,0,
282,1,4,0,http://hnpaper.forge.partlab.io/?page=112,"HN Paper, an unofficial alternative Hacker News search engine and interface.",38,42,https://www.gorokuhdcp.com/,,"Support for oku.com/hdcp Error",,Dofollow,"Link removed","2018-04-10 18:42:56","2018-04-10 18:42:56","2018-04-30 17:44:29",,0,0,
283,1,4,0,http://hnpaper.forge.partlab.io/?page=22,"HN Paper, an unofficial alternative Hacker News search engine and interface.",33,39,https://www.gorokuhdcp.com/,,How-to-Activate-your-Roku-Device,,Dofollow,"Link removed","2018-05-29 19:41:43","2018-05-29 19:41:43","2018-06-07 00:30:12",,0,0,
284,2,3,0,http://siteinlink.d1.cnbd.net/search/netflix-on-roku-problems/,"netflix on roku problems|30 results|seoinlink.com",81,39,https://www.gorokuhdcp.com/,"Roku.com/hdcp - Troubleshoot unauthorized Roku HDCP Error",,,"Nofollow, Content",,"2018-04-13 15:49:35","2018-04-13 15:49:35",,en,0,0,
285,4,3,0,http://www.cmolink.com/search/roku-com/link,"roku com | Roku",72,20,https://www.gorokuhdcp.com/,"Roku.com/hdcp - Troubleshoot unauthorizedRoku…",,,Nofollow,,"2018-03-25 18:06:52","2018-03-25 18:06:52",,,0,0,
286,1,3,0,http://www.bayadv.com/php/viewAdDetails.php?details=33397,"View Ad",0,1,https://www.gorokuhdcp.com/how-to-activate-your-roku-device/,"can call our support team @ +1-877-915-9680 and visit us",https://www.gorokuhdcp.com/how-to-activate-your-roku-device/,"to get the idea about the Roku account setup.","Dofollow, Content","Link removed","2018-03-19 10:55:51","2018-03-27 20:24:03","2018-05-05 02:48:59",,0,0,
287,4,3,0,http://www.cmolink.com/search/videos-on-roku,"videos on roku | Roku: Premium Porn Videos | Pornhub",77,22,https://www.gorokuhdcp.com/,"Roku.com/hdcp - Troubleshoot unauthorizedRoku…",,,Nofollow,"Link removed","2018-03-30 07:52:36","2018-03-30 07:52:36","2018-06-28 08:06:33",et,0,0,
288,1,3,0,http://bayadv.com/php/viewAdDetails.php?details=33396,"View Ad",0,1,https://www.gorokuhdcp.com/how-to-activate-your-roku-device/,"our support team @ +1-877-915-9680 and visit us https://www.gorokuhdcp.com/how-to-activate-your-roku-device/ "">",https://www.gorokuhdcp.com/how-to-activate-your-roku-device/,"to get the idea about the Roku account setup.","Dofollow, Content","Link removed","2018-03-20 06:12:53","2018-04-27 00:15:41","2018-06-03 02:06:20",,0,0,
289,1,3,0,http://bayadv.com/php/viewAdDetails.php?details=33397,"View Ad",0,1,https://www.gorokuhdcp.com/how-to-activate-your-roku-device/,"can call our support team @ +1-877-915-9680 and visit us",https://www.gorokuhdcp.com/how-to-activate-your-roku-device/,"to get the idea about the Roku account setup.","Dofollow, Content","Link removed","2018-03-13 20:25:51","2018-04-27 14:19:46","2018-06-02 20:35:38",,0,0,
290,1,3,0,http://www.bayadv.com/php/viewAdDetails.php?details=33396,"View Ad",0,1,https://www.gorokuhdcp.com/how-to-activate-your-roku-device/,"our support team @ +1-877-915-9680 and visit us https://www.gorokuhdcp.com/how-to-activate-your-roku-device/ "">",https://www.gorokuhdcp.com/how-to-activate-your-roku-device/,"to get the idea about the Roku account setup.","Dofollow, Content","Link removed","2018-03-13 21:11:09","2018-04-30 13:16:45","2018-06-02 12:34:23",,0,0,
291,3,3,0,http://www.keywordspy.info/search/videos-on-roku,"videos on roku | Best Media Streaming Devices | Streaming devices News",75,20,https://www.gorokuhdcp.com/,"Roku.com/hdcp - Troubleshoot unauthorizedRokuHDCP Error",,,Nofollow,"Link removed","2018-03-31 05:32:22","2018-03-31 05:32:22","2018-04-08 16:24:12",en,0,0,
292,0,3,0,http://machtvroku.ca/machtv-for-roku/connecting-a-roku-box/,"Connecting A Roku Box | Machtv Roku",19,3,https://www.gorokuhdcp.com/,,"Roku.com/hdcp – Troubleshoot unauthorized Roku …","– Call us @ +1-877-915-9680 if you found any HDCP","Dofollow, Content",,"2018-04-26 09:51:04","2018-06-02 10:29:27",,,0,0,
293,0,3,0,http://www.labolink.com/site/rokuchannels.tv,"rokuchannels.tv - Roku Channels | Public and Private Channel Guide",69,22,https://www.gorokuhdcp.com/,"Roku.com/hdcp - Troubleshoot unauthorized Roku …",,,Nofollow,,"2018-07-03 13:42:37","2018-07-03 13:42:37",,en,0,0,
294,0,2,0,https://drikdir.com/story.php?id=34983&title=display-issues-on-roku,"Display Issues On Roku - DrikDir.com",22,1,https://www.gorokuhdcp.com/,,https://www.gorokuhdcp.com/,,Nofollow,,"2018-07-19 07:06:07","2018-07-19 07:06:07",,en,0,0,
295,0,2,0,http://www.vr2020.cn/support/p13106734-roku_3,"20 Most Recent Roku 3 Questions & Answers - Vr2020",67,28,https://www.gorokuhdcp.com/roku-universal-remote/,"Visit the blog",https://www.gorokuhdcp.com/roku-universal-remote/,,Nofollow,Dropped,"2018-06-08 22:40:19","2018-06-08 22:40:19","2018-06-21 17:53:22",en,0,0,
296,0,2,0,http://vr2020.cn/support/p13106734-roku_3,"20 Most Recent Roku 3 Questions & Answers - Vr2020",67,28,https://www.gorokuhdcp.com/roku-universal-remote/,"Visit the blog",https://www.gorokuhdcp.com/roku-universal-remote/,,Nofollow,,"2018-05-09 08:24:03","2018-06-25 07:30:14",,en,0,0,
297,0,1,0,http://vr2020.cn/troubleshoot/roku/televisions_video,"Roku Televison and Video Repair Questions, Solutions and Tips - Vr2020",70,25,https://www.gorokuhdcp.com/roku-universal-remote/,"Visit the blog",https://www.gorokuhdcp.com/roku-universal-remote/,,Nofollow,"Link removed","2018-04-23 15:53:12","2018-04-23 15:53:12","2018-05-01 08:56:30",en,0,0,
298,2,0,0,http://www.linkedbd.com/search/videos-on-roku,"videos on roku | Best Media Streaming Devices | Streaming devices News",75,20,https://www.gorokuhdcp.com/,"Roku.com/hdcp - Troubleshoot unauthorizedRoku…",,,Nofollow,,"2018-03-30 19:29:11","2018-03-30 19:29:11",,en,0,0,
299,0,0,11,http://gorokuhdcp.blogspot.com/,gorokuhdcp,18,6,https://www.gorokuhdcp.com/,"too many contracts. Now you can stream ESPN streams on","Roku com hdcp","streaming device through the below mentioned best chord cutting channels.",Dofollow,,"2018-07-07 08:25:24","2018-07-15 10:21:39",,en,0,0,
300,0,0,0,http://gorokuhdcp.blogspot.com/2018/03/fx-networks-activation-on-your-roku.html,"FX Networks Activation On Your Roku",19,9,https://www.gorokuhdcp.com/,"activation process of your device. To get more information visit",https://www.gorokuhdcp.com,"or just call us at +1-877-915-9680 .",Dofollow,,"2018-07-17 23:06:13","2018-07-17 23:06:13",,en,0,0,
301,0,0,0,http://gorokuhdcp.blogspot.com/2018/06/streaming-nba-draft-on-roku-device.html,"Streaming NBA Draft on Roku device",18,7,https://www.gorokuhdcp.com/,"too many contracts. Now you can stream ESPN streams on","Roku com hdcp","streaming device through the below mentioned best chord cutting channels.","Dofollow, Content",,"2018-07-12 19:24:17","2018-07-12 19:24:17",,en,0,0,
302,0,0,0,http://gorokuhdcp.blogspot.com/2018/07/live-streaming-on-roku-utilizing-dacast.html,"Live Streaming on Roku utilizing DaCast",17,6,https://www.gorokuhdcp.com/,"by following the instructions on",Go.roku.com/hdcp,page.,Dofollow,,"2018-07-09 02:04:47","2018-07-09 02:04:47",,en,0,0,
303,4,0,0,http://www.5dollarsite.com/search/videos-on-roku,"videos on roku | Roku: Premium Porn Videos | Pornhub",77,22,https://www.gorokuhdcp.com/,"Roku.com/hdcp - Troubleshoot unauthorizedRoku…",,,Nofollow,"Link removed","2018-03-29 22:32:51","2018-03-29 22:32:51","2018-04-06 15:02:23",en,0,0,
304,2,0,1,http://www.ip-address-location.com/sitelist/264.html,"Page 264 - sites - ip-address-location.com",13,14626,http://gorokuhdcp.com/,,gorokuhdcp.com,,Nofollow,"Link removed","2018-05-12 05:30:49","2018-06-13 11:45:21","2018-07-14 21:26:57",,0,0,
