Date Identified,Backlink Sites,Category,Process,DA,Domain Source,Domain Source URL,Nofollow/Dofollow,Remarks
7/12/2018,https://www.tumblr.com/,Web 2.0 blog,Recurring,100,,,dofollow,
7/12/2018,http://sites.google.com,Web 2.0 blog,Recurring,100,,,dofollow,
7/12/2018,https://answers.yahoo.com/,Q&A,Recurring,100,,,nofollow,
7/12/2018,https://www.facebook.com,Local listing,One Time,100,,,dofollow,
7/12/2018,https://business.google.com,Local listing,One Time,100,,,dofollow,
7/12/2018,https://smallbusiness.yahoo.com,Local listing,One Time,100,,,nofollow,
12/8/2017,https://blog.roku.com/,Blog commenting,One Time,100,,,dofollow,
12/8/2017,http://variety.com/,Blog commenting,One Time,100,,,dofollow,
12/8/2017,https://www.wecutcable.com/,Blog commenting,One Time,100,,,dofollow,
12/8/2017,http://www.thetvaddict.com,Blog commenting,One Time,100,,,dofollow,
2/5/2018,https://profile.wordpress.org,profile creation,One Time,100,,,nofollow,
7/12/2018,http://wordpress.com/,Web 2.0 blog,Recurring,99,,,dofollow,
7/12/2018,https://www.reddit.com/,Bookmarking,Recurring,99,,,dofollow,
7/12/2018,https://www.flickr.com/,Image sharing,Recurring,99,,,nofollow,
12/9/2017,https://freetvforme.wordpress.com/,Blog Commenting,One Time,99,,,dofollow,
7/12/2018,http://stumbleupon.com/,Bookmarking,Recurring,98,,,dofollow,
2/1/2018,https://vk.com/,Profile creation/like social media profile,One Time,98,,,,Need phone verification
2/15/2018,vk,Profile creation,One Time,98,,,,
7/12/2018,https://disqus.com/,Profile creation,One Time,97,,,nofollow,
12/8/2017,http://www.sweptawaytv.com,Blog commenting,One Time,97,,,dofollow,
7/12/2018,http://www.slideshare.net/,Document sharing,Recurring,96,,,dofollow,
1/10/2018,https://www.goodreads.com/,profile creation,One Time,96,,,,
7/12/2018,https://www.yelp.com,Local listing,One Time,95,,,nofollow,
12/28/2017,http://www.mapquest.com/,Local listing,One Time,95,,,,
12/8/2017,https://www.howtogeek.com/,Blog commenting,One Time,95,,,dofollow,
2/2/2018,dribbble.com,Profile creation,One Time,95,,,,
2/9/2018,soundcloud.com,podcast/profile creation,Recurring,95,,,,
7/12/2018,https://www.weebly.com/,Web 2.0 blog,Recurring,94,,,dofollow,
7/12/2018,https://medium.com/,Web 2.0 blog,Recurring,94,,,dofollow,
7/12/2018,https://issuu.com,Document sharing,Recurring,94,,,dofollow,
1/23/2018,https://getpocket.com/,Web 2.0 blog,Recurring,94,,,,reference link - https://getpocket.com/@rokucomlinkentercode
7/12/2018,https://www.behance.net/,Image Sharing,Recurring,94,,,dofollow,
2/26/2018,https://www.openstreetmap.org,Profile creation,One Time,94,,,,
7/12/2018,http://wix.com,Web 2.0 blog,Recurring,93,,,dofollow,
7/12/2018,http://bravenet.com/,Web 2.0 blog,Recurring,93,,,dofollow,
7/12/2018,https://imgur.com/,Image sharing,Recurring,93,,,nofollow,
12/8/2017,http://digitalgeekreviews.blogspot.com/,Blog commenting,One Time,93,,,dofollow,
12/11/2017,https://stackoverflow.com/,Q&A,Recurring,93,,,,
1/25/2018,https://www.houzz.com/,Profile creation,One Time,93,,,,"This is for Roku website only (plz search the category for printer) 1. add your business in home automation and home media category, 2. In other option, add our service "
12/8/2017,http://www.angelfire.lycos.com/howto/blog/index.tmpl,Web 2.0 blog,Recurring,92,,,dofollow,
12/8/2017,https://www.cnet.com,Blog commenting,One Time,92,,,dofollow,
12/12/2017,https://unsplash.com/,Image sharing,Recurring,92,,,,
1/24/2018,https://www.twitch.tv,Video sharing site,Recurring,92,,,indexed,
2/2/2018,https://www.zillow.com,Profile creation,One Time,92,,,,Just create profile alone
2/2/2018,https://www.meetup.com,Profile creation,One Time,92,,,,there is no option for website so just add twitter and tumblr account links
2/5/2018,https://discussion.evernote.com,profile creation/forum commenting,Recurring,92,,,indexed and nofollow,
7/12/2018,https://about.me/,Local listing,One Time,91,,,dofollow,
1/9/2018,https://orcid.org,profile creation,One Time,91,,,nofollow,
1/29/2018,https://www.reverbnation.com/,Video Sharing,Recurring,91,,,indexed and dofollow,
1/31/2018,https://bitbucket.org,profile creation,One Time,91,,,,
2/13/2018,https://www.theverge.com,profile creation and blog post,Recurring,91,,,,
2/13/2018,https://arstechnica.com,Blog commenting,Recurring,91,,,,
7/12/2018,http://blogspot.com,Web 2.0 blog,Recurring,90,,,dofollow,
7/12/2018,http://www.scoop.it/,Bookmarking,Recurring,90,,,dofollow,
12/30/2017,https://news.ycombinator.com/,Bookmarking,Recurring,90,,,nofollow,
7/12/2018,https://www.quora.com/,Q&A,Recurring,90,,,dofollow,
7/12/2018,http://www.yellowpages.com/,Local listing,One Time,90,,,nofollow,
12/8/2017,http://kinata09.blogspot.com/,Blog commenting,One Time,90,,,dofollow,
12/8/2017,https://hd-report.com/,Blog commenting,One Time,90,,,dofollow,
12/8/2017,http://rokuhowto.blogspot.com/,Blog commenting,One Time,90,,,dofollow,
7/12/2018,trello.com,profile creation,One Time,90,,,,
1/25/2018,https://flipboard.com/,Web 2.0/social media sharing,Recurring,90,,,,
1/30/2018,https://www.deviantart.com,profile creation,Recurring,90,,,,
2/3/2018,mixcloud.com,profile creation/video,Recurring,90,,,,
7/12/2018,https://fc2.com/,Web 2.0 blog,Recurring,89,,,dofollow,
7/12/2018,yola.com/,Web 2.0 blog,One Time,89,,,Dofollow,3 times only posted
7/12/2018,https://business.angieslist.com,Local listing,One Time,89,,,,plz use our keyword in title and text 1. share this on your social media profiles and give remarks and comments about this post
1/24/2018,https://www.createspace.com/,Profile creation/blog,Recurring,89,,,indexed and dofollow,
1/31/2018,https://slack.com/,profile creation,One Time,89,,,,only login user can view the link
7/12/2018,https://www.diigo.com,Bookmarking,Recurring,88,,,dofollow,
12/8/2017,http://hubpages.com/,Bookmarking,Recurring,88,,,nofollow,
1/2/2018,https://www.zotero.org/,profile creation,One Time,88,,,,
7/12/2018,http://www.city-data.com,Local listing,One Time,87,,,dofollow,
2/26/2018,https://id.arduino.cc,profile creation,One Time,87,,,,
2/26/2018,http://www.sbnation.com,profile creation,One Time,87,,,,
12/18/2017,https://www.strikingly.com/,Web 2.0 blog,Recurring,86,,,dofollow,
7/12/2018,https://visual.ly,Infographic,Recurring,86,,,nofollow,
1/23/2018,https://infogram.com,Infographic,Recurring,86,,,,
1/29/2018,https://flattr.com/,Profile creation,One Time,86,,,indexed and nofollow,"[Flattr](https://flattr.com)  asking to add some updates  on our website, then only users can view. Or sign in user only can view."
2/15/2018,https://readthedocs.org,Profile creation,One Time,86,,,,
12/12/2017,https://www.instapaper.com/,Bookmarking,Recurring,85,,,dofollow,
12/28/2017,https://www.boredpanda.com,Image sharing,Recurring,85,,,nofollow,
7/12/2018,https://www.4shared.com,podcast,Recurring,85,,,dofollow,Cant give link to our site
12/11/2017,https://www.podbean.com,podcast,Recurring,85,,,,social profile need to add by sangavi
2/1/2018,https://answers.avira.com/,Q&A/Forum commenting,Recurring,85,,,,
2/5/2018,https://community.norton.com,Forum commenting,Recurring,85,,,,
2/5/2018,https://www.couchsurfing.com,Profile creation,One Time,85,,,,
7/12/2018,http://www.manta.com/,Local listing,One Time,84,,,nofollow,
7/12/2018,http://www.superpages.com/,Local listing,One Time,84,,,,error cant add business
2/3/2018,audioboom.com,profile creation site,One Time,84,,,,just create a profile and don't add podcast
12/29/2017,https://www.techdirt.com,Bookmarking,Recurring,83,,,dofollow,NO post
12/8/2017,https://dzone.com/,Bookmarking,Recurring,83,,,nofollow,
7/12/2018,https://www.thumbtack.com/,Local listing,One Time,83,,,nofollow,"Sorry, this request is coming from a country which we currently do not support. If you feel this is in error, please contact our support team by emailing support@thumbtack.com."
1/11/2018,https://sketchfab.com/,profile creation,One Time,83,,,,
12/20/2017,edublogs.org/,Web 2.0 blog,Recurring,83,,,,
7/12/2018,http://www.merchantcircle.com/,Local listing,One Time,83,,,nofollow,Blog can be post
2/5/2018,https://updates.easycounter.com,Whois,One Time,83,,,,
2/6/2018,https://www.trustpilot.com/,Write a review,One Time,83,,,,
7/12/2018,https://www.podomatic.com,podcast,Recurring,82,,,dofollow,
12/8/2017,http://www.makeuseof.com,Blog commenting,One Time,82,,,dofollow,
12/8/2017,https://www.wired.com/,Blog commenting,One Time,82,,,dofollow,
12/8/2017,https://www.ifixit.com/,Blog commenting,One Time,82,,,dofollow,
2/2/2018,https://www.producthunt.com/,Profile creation,One Time,82,,,,
2/8/2018,http://skyrock.com/,Web 2.0,Recurring,82,,,indexed and dofollow,
7/12/2018,https://kinja.com/,Web 2.0 blog,Recurring,81,,,dofollow,
7/12/2018,http://www.pearltrees.com/,Bookmarking,Recurring,81,,,dofollow,
12/8/2017,https://www.youtube.com,Blog commenting,One Time,81,,,dofollow,
12/9/2017,https://blog.roku.com/the-best-free-roku-channels-according-our-customers,Blog Commenting,One Time,81,,,,
2/27/2018,https://www.atlasobscura.com,Profile creation,One Time,81,,,,
7/12/2018,https://www.spreaker.com,podcast,Recurring,80,,,nofollow,
12/30/2017,http://www.break.com/,video sharing,Recurring,80,,,,
12/15/2017,http://www.cheezburger.com/,Image sharing,Recurring,80,,,indexed and nofollow,
2/14/2018,https://www.ifixit.com,Blog commenting,Recurring,80,,,,
7/12/2018,https://piktochart.com/,Infographic,Recurring,79,,,nofollow,
12/16/2017,https://stackexchange.com,Q&A,Recurring,79,,,,
2/1/2018,https://www.merlot.org,Profile creation,One Time,79,,,,
7/12/2018,https://www.smore.com,Local listing,One Time,78,,,nofollow,
12/30/2017,http://www.veoh.com/,video sharing,Recurring,78,,,,
12/20/2017,https://www.oodle.com/,Classified/Profile creation,Recurring,78,,,,
2/1/2018,https://creativemarket.com,Profile creation,One Time,78,,,,
12/16/2017,dynadot.com,Web 2.0,Recurring,78,,,indexed and dofollow,
1/5/2018,https://www.eklablog.com/,Web 2.0,Recurring,78,,,indexed and dofollow,
7/12/2018,https://www.jimdo.com/,Web 2.0 blog,Recurring,77,,,dofollow,
12/21/2017,https://ello.co/,Profile Creation,One Time,77,,,dofollow,
12/12/2017,https://imgbb.com/,Image sharing,Recurring,77,,,,
12/23/2017,http://rhizome.org/,profile creation,One Time,77,,,,
1/27/2018,https://newsstand.joomag.com/,Document sharing,Recurring,77,,,,give link in document and upload
12/11/2017,https://superuser.com/,Q&A,Recurring,76,,,,
12/8/2017,http://internettvdotcom.com,Blog commenting,One Time,76,,,,
1/24/2018,https://www.website.com,Web 2.0 blog,One Time,76,,,indexed and dofollow,There is no option for blog post just add the page (upto 10 pages for free)
1/29/2018,https://www.webself.net/,Web 2.0 blog,Recurring,76,,,indexed and dofollow,
2/1/2018,https://www.spreadshirt.com,Profile creation,One Time,76,,,,
7/12/2018,https://8tracks.com,Local listing,One Time,75,,,nofollow,
12/20/2017,http://www.feedspot.com/,Profile creation,One Time,75,,,,
1/16/2018,http://cityinsider.com,Local listing,One Time,75,,,,Be careful to full details in this site bcoz you can't able to edit or delete details after post.
12/30/2017,www.ebaumsworld.com/,video sharing,Recurring,74,,,,
1/29/2018,http://www.adsoftheworld.com/,Profile creation/video sharing,Recurring,74,,,indexed and dofollow,
12/9/2017,https://www.kiwibox.com/,Web 2.0 blog,Recurring,73,,,dofollow,
1/11/2018,http://www.magcloud.com/,Document sharing,Recurring,73,,,,
1/17/2018,https://the570.partners.local.com/,Local listing,One Time,73,,,,
1/20/2018,https://www.freeindex.co.uk,Local listing,One Time,73,,,,
1/25/2018,http://slides.com/,Profile Creation,One Time,73,,,,
1/29/2018,http://club.dx.com/forums/search?wd=roku&SearchForumID=All,Forum Commenting,Recurring,73,,,,
7/12/2018,https://gust.com,Local listing,One Time,72,,,dofollow,
12/11/2017,https://www.kudzu.com/,Local listing,One Time,72,,,,
12/19/2017,https://justpaste.it/,Web 2.0 blog,Recurring,72,,,dofollow,
1/23/2018,http://www.simplesite.com/,Web 2.0 blog,Recurring,72,,,,"no option for adding post just add the page and give link, And published link went to 404 page"
1/24/2018,http://www.dead.net/,Profile creation ,One Time,72,,,indexed and dofollow,"Give social media profile links in ""about"" field"
2/12/2018,https://exposure.co,website creation,One Time,72,,,,
2/27/2018,https://www.rockethub.com/,Profile creation,One Time,72,,,,
7/12/2018,https://www.minds.com,Web 2.0 blog,Recurring,71,,,dofollow,
7/12/2018,http://www.spoke.com/,Local listing,One Time,71,,,nofollow,
12/23/2017,http://www.mobypicture.com/,Image sharing,One Time,71,,,,
12/30/2017,https://www.godtube.com/,video sharing,Recurring,71,,,,
1/24/2018,http://tilda.cc/,Web 2.0 blog,One Time,71,,,indexed and dofollow,There is no option for blog post just add the page
7/12/2018,https://list.ly/,Profile creation,One Time,71,,,indexed and nofollow,
2/1/2018,https://venngage.com/,Infographic site,One Time,71,,,,use default templates to create a image and publish it
2/1/2018,https://www.viki.com,Profile creation,One Time,71,,,,
2/3/2018,https://www.dreamwidth.org/,profile creation,One Time,71,,,,
2/13/2018,https://www.chroniclelive.co.uk/,Local listing,Recurring,71,,,,
7/12/2018,https://secure.botw.org/,Local listing,One Time,70,,,nofollow,
12/9/2017,http://tampa.worldstuffer.com,Classified,Recurring,70,,,,
12/21/2017,https://webflow.com,Web 2.0 blog,Recurring,70,,,dofollow,
1/24/2018,https://myanimelist.net/,Profile creation/blog,Recurring,70,,,indexed and nofollow,"Give social media profile links in ""Also Available at"" field and give website link in description"
7/12/2018,https://jigsy.com,Web 2.0 blog,Recurring,69,,,dofollow,
12/8/2017,http://www.webstarts.com/,Web 2.0 blog,Recurring,69,,,dofollow,
12/28/2017,https://www.playbuzz.com/Story,profile creation/article submission,One Time,69,,,nofollow,
7/12/2018,http://www.dexknows.com/,Local listing,One Time,69,,,dofollow,
1/27/2018,https://designshack.net/,Profile creation,One Time,69,,,indexed and nofollow,
2/3/2018,https://www.hackster.io,profile creation,One Time,69,,,,
12/20/2017,doodlekit.com/,Web 2.0 blog,Recurring,68,,,dofollow,
12/8/2017,http://www.bizsugar.com/,Bookmarking,Recurring,68,,,nofollow,
12/20/2017,http://www.yellowbot.com/,Local listing,One Time,68,,,,
12/8/2017,http://gigablast.com,Search Engine,One Time,68,,,Dofollow,
12/16/2017,http://www.linkmarket.net/,Directory submission,One Time,68,,,dofollow,
12/20/2017,http://vizualize.me/,Profile creation,One Time,68,,,,no
7/12/2018,http://www.americantowns.com,Local listing,One Time,68,,,dofollow,
12/16/2017,https://inbound.org/,Blog commenting,One Time,68,,,,
1/16/2018,http://www.exactseek.com/,Local listing,One Time,68,,,,
12/8/2017,https://ting.com/,Blog commenting,One Time,67,,,dofollow,
1/24/2018,http://sur.ly,Search Engine,One Time,67,,,,Paste the site url in search field to get the backlink
1/29/2018,https://logopond.com/,Profile creation,One Time,67,,,indexed and dofollow,
2/12/2018,http://miarroba.com,Web 2.0,Recurring,67,,,,
2/14/2018,http://n4g.com,profile creation,One Time,67,,,,
7/12/2018,http://www.soup.io/,Web 2.0 blog,Recurring,66,,,dofollow,
7/12/2018,http://www.hotfrog.com,Local listing,One Time,66,,,nofollow,
7/12/2018,http://www.2findlocal.com/,Local listing,One Time,66,,,nofollow,
12/11/2017,https://app.site123.com/,Web 2.0 blog,Recurring,66,,,dofollow,
2/1/2018,https://www.ryze.com,Profile creation,One Time,66,,,,
2/3/2018,https://www.tetongravity.com/,profile creation,One Time,66,,,indexed and dofollow,
2/14/2018,https://community.nowtv.com/,Forum commenting,Recurring,66,,,,
7/12/2018,https://atavist.com/,Web 2.0 blog,Recurring,65,,,dofollow,
12/23/2017,https://www.portfoliobox.net/,Web 2.0 blog,Recurring,65,,,,Yes
12/19/2017,http://www.beep.com/,Web 2.0 blog,Recurring,65,,,dofollow,
12/20/2017,https://carbonmade.com/,Web 2.0 blog,Recurring,65,,,,
1/20/2018,http://www.thomsonlocal.com/,Local listing,One Time,65,,,,
1/30/2018,https://www.voog.com/,Web 2.0,Recurring,65,,,,
12/19/2017,pen.io,Web 2.0 blog,Recurring,64,,,dofollow,
7/12/2018,http://www.bizcommunity.com/,Local listing,One Time,64,,,nofollow,
1/18/2018,http://www.thebluebook.com/,Local listing,One Time,64,,,,they want to call us to complete the registration
2/3/2018,https://www.younow.com/,profile creation,One Time,64,,,,Just create a profile
7/12/2018,http://www.brownbook.net/,Local listing,One Time,63,,,nofollow,
1/12/2018,https://localstack.com,Local listing,One Time,63,,,,Redirects to yext.com when clicked on add a listing
12/30/2017,https://www.disclose.tv/,video sharing,Recurring,63,,,,
12/9/2017,http://www.apsense.com,Classified,Recurring,63,,,,
1/20/2018,https://www.uksmallbusinessdirectory.co.uk,Local listing,One Time,63,,,,
7/12/2018,http://www.slideboom.com/,Document sharing,Recurring,62,,,dofollow,
7/12/2018,http://www.elocal.com/,Local listing,One Time,62,,,nofollow,
7/12/2018,http://vator.tv/,Local listing,One Time,62,,,nofollow,
7/12/2018,www.edocr.com,Document sharing,Recurring,61,,,dofollow,
7/12/2018,http://tupalo.com/,Local listing,One Time,61,,,nofollow,
7/12/2018,https://www.ibegin.com,Local listing,One Time,61,,,dofollow,
7/12/2018,https://www.bark.com/,Local listing,One Time,61,,,,
1/16/2018,https://www.alignable.com,Local listing,One Time,61,,,,Asking Mobile verification
2/3/2018,http://us.blastingnews.com/,Profile creation/articlesubmission,Recurring,61,,,,
7/12/2018,http://spruz.com/,Web 2.0 blog,Recurring,60,,,dofollow,
7/12/2018,http://www.linkcentre.com/,Local listing,One Time,60,,,dofollow,
1/17/2018,https://www.longisland.com,Local listing,One Time,60,,,,
12/27/2017,http://www.23hq.com/,Image sharing,Recurring,60,,,nofollow,
12/30/2017,http://www.mefeedia.com/,video sharing,Recurring,59,,,,
2/5/2018,https://triberr.com,profile creation,One Time,59,,,indexed and nofollow,
12/20/2017,http://bcz.com,Web 2.0 blog,Recurring,58,,,dofollow,"Major providers only, e.g. gmail.com, yahoo.com, hotmail.com etc"
1/3/2018,http://sbm14.16mb.com,Bookmarking,Recurring,58,,,nofollow,
7/12/2018,http://www.showmelocal.com,Local listing,One Time,58,,,nofollow,
1/6/2018,https://us.all.biz/,Local listing,One Time,58,,,,
1/10/2018,https://www.wordofmouth.com.au,Local listing,One Time,58,,,,no activation mail
1/3/2018,http://seodish.16mb.com,Bookmarking,Recurring,58,,,,
1/27/2018,https://ukit.com,Web 2.0 blog,Recurring,58,,,Indexed and nofollow,
2/5/2018,https://www.000webhost.com,Web 2.0,Recurring,58,,,,
2/9/2018,http://dewas.16mb.com,Bookmarking,Recurring,58,,,,
2/12/2018,http://diply.com/,video sharing ,Recurring,58,,,,
2/15/2018,https://www.mycustomer.com,Profile creation,One Time,58,,,,
2/27/2018,https://www.stage32.com/,Profile creation,One Time,58,,,,
2/15/2018,http://www.socialy.16mb.com/,Bookmarking,Recurring,57,,,,
2/15/2018,https://www.trover.com,Profile creation,One Time,57,,,,
2/23/2018,http://www.buzzsprout.com/,profile creation/podcast,Recurring,57,,,,
12/12/2017,http://postbit.com/,Web 2.0 blog,Recurring,56,,,dofollow,
7/12/2018,https://www.storeboard.com,Classified,Recurring,56,,,dofollow,
12/8/2017,z6.invisionfree.com/pcmania/index.php,Profile Creation,One Time,56,,,nofollow,
7/12/2018,http://www.storeboard.com/,Local listing,One Time,56,,,dofollow,
12/30/2017,http://www.sooperarticles.com/,Article submission,Recurring,56,,,nofollow,
12/30/2017,https://www.dropshots.com/,video sharing,Recurring,56,,,,
12/18/2017,https://en.page4.com/,Web 2.0 blog,Recurring,56,,,,
12/27/2017,http://loot.com/,Classified,Recurring,56,,,,Need to verify the mobile number
1/20/2018,http://www.near.co.uk,Local listing,One Time,56,,,,
7/12/2018,http://www.slideserve.com,Document sharing,Recurring,55,,,nofollow,
7/12/2018,www.lookuppage.com,Local listing,One Time,55,,,dofollow,
12/20/2017,https://advertise.local.com/,Local listing,One Time,55,,,,
1/2/2018,https://steepster.com,profile creation,One Time,55,,,Nofollow,
1/16/2018,http://www.jayde.com/,Directory submission,One Time,55,,,,
1/23/2018,https://www.thebestof.co.uk,Local listing ,One Time,55,,,,
1/24/2018,https://www.simbla.com/,Web 2.0 blog,One Time,55,,,indexed and dofollow,There is no option for blog post just add the page
7/12/2018,http://www.fixya.com/,Q&A,Recurring,54,,,dofollow,
12/29/2017,http://www.snotr.com/,video sharing,Recurring,54,,,,
12/23/2017,https://www.riverbender.com/directory/,Local listing,One Time,54,,,,
1/23/2018,http://services.worldweb.com/,Local listing ,One Time,54,,,,travel related site
1/25/2018,http://doattend.com/,Profile creation,One Time,54,,,,
12/13/2017,https://onmogul.com/,Web 2.0,One Time,54,,,,
12/28/2017,https://www.use.com/,Image sharing,Recurring,53,,,dofollow,
7/12/2018,cylex-usa.com,Local listing,One Time,53,,,nofollow,
12/16/2017,trustlink.org,Local listing,One Time,53,,,,
12/9/2017,http://inube.com,Web 2.0 blog,Recurring,53,,,dofollow,content not display
1/16/2018,http://www.fortbragg.com/,Local listing,One Time,53,,,,
1/19/2018,https://www.macraesbluebook.com,Local listing,One Time,53,,,,
2/26/2018,https://app.hiive.co.uk,Social media profile ,Recurring,53,,,,
1/2/2018,http://www.googl.wc.lt,Bookmarking,Recurring,52,,,dofollow,
7/12/2018,http://ezlocal.com,Local listing,One Time,52,,,nofollow,
1/9/2018,http://myhq.com/,Directory Submission,One Time,52,,,,can't sign up
12/28/2017,https://www.8coupons.com/,Profile Creation,One Time,52,,,,
12/16/2017,puzl.com,Web 2.0 blog,Recurring,52,,,,
1/23/2018,https://www.abilogic.com/,Blog commenting,Recurring,52,,,,
2/7/2018,http://www.citizentribune.com/classifieds/,Classifieds,Recurring,52,,,indexed and dofollow,profile creation
2/28/2018,https://the-dots.com/,Profile creation,One Time,52,,,,
7/12/2018,http://www.classifiedads.com/,Classified,Recurring,51,,,nofollow,
7/12/2018,www.adlandpro.com,Classified,Recurring,51,,,dofollow,
7/12/2018,http://url.org/,Bookmarking,Recurring,51,,,nofollow,
7/12/2018,http://www.salespider.com,Local listing,One Time,51,,,nofollow,
7/12/2018,https://citymaps.com/,Local listing,One Time,51,,,nofollow,
7/12/2018,https://www.salespider.com/,Local listing,One Time,51,,,,
12/20/2017,local listing,Local listing,One Time,51,,,,
12/23/2017,https://itsmyurls.com,profile creation,One Time,51,,,,
12/20/2017,http://www.myvidster.com/,Video sharing,Recurring,51,,,,
1/19/2018,http://www.engnetglobal.com,Local listing,One Time,51,,,,
2/13/2018,https://www.dacast.com,Blog commenting,Recurring,51,,,,
2/22/2018,survivalinstincts.esportsify.com,Profile creation,One Time,51,,,,
7/12/2018,http://www.usnetads.com/,Classified,Recurring,50,,,dofollow,
7/12/2018,https://www.getfave.com,Local listing,One Time,50,,,nofollow,
12/11/2017,https://www.askmehelpdesk.com/,Q&A,Recurring,50,,,nofollow,
12/13/2017,https://www.referralkey.com/,Bookmarking,Recurring,50,,,Dofollow,
7/12/2018,https://www.getfave.com/,Local listing,One Time,50,,,nofollow,
12/16/2017,bloggersrequired.com,Forum Commenting,Recurring,50,,,,
1/18/2018,https://start.cortera.com,Profile creation,One Time,50,,,,
1/20/2018,https://www.misterwhat.co.uk/,Local listing,One Time,50,,,,
12/11/2017,http://pinti.22web.org,Bookmarking,Recurring,49,,,nofollow,
7/12/2018,http://ebusinesspages.com,Local listing,One Time,49,,,nofollow,
1/6/2018,http://classifieds.websitegear.com,Classified,Recurring,49,,,nofollow,
12/15/2017,http://www.powershow.com/,Document sharing,Recurring,49,,,,
12/20/2017,https://www.slickpic.com/,Profile creation/image sharing,One Time,49,,,Dofollow,No link option in image upload
1/19/2018,http://www.lacartes.com,Local listing,One Time,49,,,,
1/24/2018,http://596779.xobor.com,Profile creation,One Time,49,,,,
1/29/2018,http://www.fotobabble.com/,Image Sharing,Recurring,49,,,indexed and dofollow,
1/29/2018,http://listography.com,Social Media Sites,Recurring,49,,,indexed and dofollow,
2/2/2018,https://pathbrite.com/,Profile creation,One Time,49,,,,
2/5/2018,avgsupportuk.xobor.com,profile creation,One Time,49,,,,
12/18/2017,https://www.zumvu.com/,Web 2.0 blog,Recurring,48,,,dofollow,
7/12/2018,opendi.us,Local listing,One Time,48,,,dofollow,
7/12/2018,http://www.tuugo.us/,Local listing,One Time,48,,,nofollow,
7/12/2018,http://www.professionalontheweb.com,Local listing,One Time,48,,,dofollow,
1/17/2018,http://www.canadaone.com/,Local listing,One Time,48,,,,
1/25/2018,https://htu.at,Profile Creation,One Time,48,,,,
1/29/2018,https://www.hatena.com/,Web 2.0/Video sharing,Recurring,48,,,indexed and dofollow,Add our video links for promotion
2/12/2018,http://www.imfaceplate.com,profile creation and blog post,Recurring,48,,,indexed and dofollow,
2/12/2018,https://sidengo.com/,website creation,One Time,48,,,,paid to publish
7/12/2018,http://clicads.com/,Classified,Recurring,47,,,dofollow,
7/12/2018,https://www.yelloyello.com,Local listing,One Time,47,,,dofollow,
7/12/2018,http://us.enrollbusiness.com/,Local listing,One Time,47,,,nofollow,
12/16/2017,zoomgroups.com,video sharing,One Time,47,,,,
1/11/2018,http://slideplayer.com,Document sharing,Recurring,47,,,,link looping itself
1/17/2018,http://www.canadawebdir.com/,Directory submission,One Time,47,,,,
1/22/2018,http://www.bestbrandsworldwide.com,profile creation,Recurring,47,,,,
1/29/2018,http://myfolio.com/,Image Sharing,Recurring,47,,,indexed and dofollow,
2/1/2018,https://www.profilecanada.com/,Local listing,One Time,47,,,,
7/12/2018,http://www.freeclassifieds.com/,Classified,Recurring,46,,,dofollow,
1/6/2018,http://www.photoads.co.uk,Classified,Recurring,46,,,nofollow,
12/8/2017,https://start.me/,Bookmarking,Recurring,46,,,dofollow,
7/12/2018,https://www.golocal247.com,Local listing,One Time,46,,,nofollow,
7/12/2018,cataloxy.com,Local listing,One Time,46,,,nofollow,
1/17/2018,https://www.findyello.com/,Local listing,One Time,46,,,,
1/30/2018,https://yellowpages.cybo.com,Local listing,One Time,46,,,,
2/12/2018,http://articles.org/,Article submission/blog commenting,Recurring,46,,,,
2/27/2018,https://webmii.com/,Profile creation,One Time,46,,,,
7/12/2018,http://www.global-free-classified-ads.com/,Classified,Recurring,45,,,nofollow,
1/3/2018,http://www.festivals.ipt.pw/,Bookmarking,Recurring,45,,,dofollow,
1/3/2018,http://www.support-services.ipt.pw/,Bookmarking,Recurring,45,,,dofollow,
12/19/2017,http://www.web-promotion.ipt.pw/,Bookmarking,Recurring,45,,,dofollow,
12/12/2017,http://www.strategy.ipt.pw/,Bookmarking,Recurring,45,,,dofollow,
12/12/2017,http://www.reform.ipt.pw/,Bookmarking,Recurring,45,,,dofollow,
12/12/2017,http://www.render.ipt.pw,Bookmarking,Recurring,45,,,dofollow,
12/12/2017,http://www.expert-advice.ipt.pw,Bookmarking,Recurring,45,,,dofollow,
7/12/2018,http://www.fotothing.com/,Image sharing,Recurring,45,,,dofollow,
7/12/2018,http://oneyellow.com,Local listing,One Time,45,,,nofollow,
7/12/2018,http://www.agreatertown.com/,Local listing,One Time,45,,,dofollow,
7/12/2018,http://www.pinbud.com/,Local listing,One Time,45,,,dofollow,
7/12/2018,http://www.trepup.com/,Local listing,One Time,45,,,nofollow,
1/4/2018,https://www.webwiki.com/,Local listing,One Time,45,,,,
12/21/2017,https://allihoopa.com/,Profile Creation,One Time,45,,,,
1/17/2018,http://getfreelisting.com,classifieds,One Time,45,,,,
1/17/2018,http://www.canadianbusinessdirectory.ca,Directory submission,One Time,45,,,,
1/18/2018,http://www.topdesignfirms.com,Local listing/profile creation,One Time,45,,,,
1/20/2018,https://www.businessvibes.com,Local listing,One Time,45,,,,only login user can view website
1/27/2018,https://www.fixyourownprinter.com/,Q&A,Recurring,45,,,,Only for printer site
7/12/2018,http://www.thefreeadforum.com/classifieds/,Classified,Recurring,44,,,nofollow,
12/23/2017,http://social.wikitechguru.com,Bookmarking,Recurring,44,,,nofollow,
12/23/2017,http://bookmark.wikitechguru.com,Bookmarking,Recurring,44,,,nofollow,
12/23/2017,http://news.wikitechguru.com,Bookmarking,Recurring,44,,,nofollow,
12/23/2017,http://links.wikitechguru.com,Bookmarking,Recurring,44,,,nofollow,
12/23/2017,http://piggo.wikitechguru.com,Bookmarking,Recurring,44,,,nofollow,
12/23/2017,http://pligg.wikitechguru.com,Bookmarking,Recurring,44,,,nofollow,
12/23/2017,http://seo.wikitechguru.com,Bookmarking,Recurring,44,,,nofollow,
12/23/2017,http://stumble.wikitechguru.com,Bookmarking,Recurring,44,,,nofollow,
7/12/2018,http://www.expressbusinessdirectory.com/,Local listing,One Time,44,,,nofollow,
7/12/2018,https://www.whodoyou.com,Local listing,One Time,44,,,nofollow,
7/12/2018,http://www.finduslocal.com/,Local listing,One Time,44,,,dofollow,
12/8/2017,http://www.mysitevote.com/,Bookmarking,Recurring,44,,,,
12/21/2017,http://www.localdatabase.com/,Local Listing,One Time,44,,,Nofollow,Requires facebook login to signup
1/19/2018,http://www.directorycentral.com,Local listing,One Time,44,,,,
1/27/2018,http://www.order-fulfillment.ipt.pw,Bookmarking/profile creation,Recurring,44,,,indexed and dofollow,
1/27/2018,http://www.legal-information.ipt.pw/,Bookmarking/profile creation,Recurring,44,,,indexed and dofollow,
1/27/2018,http://www.retail-trade.ipt.pw/,Bookmarking/profile creation,Recurring,44,,,indexed and dofollow,
1/27/2018,http://www.compensation-and-benefits.ipt.pw,Bookmarking,Recurring,44,,,indexed and dofollow,
1/30/2018,https://www.webclassifieds.us/,Classifieds,Recurring,44,,,,
1/31/2018,http://www.services.ipt.pw,Bookmarking,Recurring,44,,,,
1/31/2018,http://www.computers.ipt.pw/,Bookmarking,Recurring,44,,,,
1/31/2018,http://www.entertainment.ipt.pw/,Bookmarking,Recurring,44,,,,
1/31/2018,http://www.business.ipt.pw/,Bookmarking,Recurring,44,,,,
1/31/2018,http://www.brijj.com,profile creation,One Time,44,,,,
2/1/2018,http://www.outplacement.ipt.pw,Bookmarking,Recurring,44,,,,
2/9/2018,http://events.ipt.pw/ads/,Profile creation/classifieds,Recurring,44,,,,
2/9/2018,http://classes.ipt.pw,Bookmarking,Recurring,44,,,,
2/9/2018,http://media.ipt.pw,Bookmarking,Recurring,44,,,,
2/9/2018,http://www.software.ipt.pw,Bookmarking,Recurring,44,,,,
2/9/2018,http://www.internet.ipt.pw,Bookmarking,Recurring,44,,,,
2/9/2018,http://experts.ipt.pw/ads/,Profile creation/classifieds,Recurring,44,,,,
2/12/2018,http://www.paintings.ipt.pw/,Bookmarking,Recurring,44,,,,
2/13/2018,http://blogs.ipt.pw,Bookmarking,Recurring,44,,,,try captcha atleast twice
2/13/2018,http://technology.ipt.pw,Bookmarking,Recurring,44,,,,try captcha atleast twice
2/24/2018,http://links.bookmarkcore.com/,Bookmarking,Recurring,44,,,,
2/24/2018,http://updates.bookmarkcore.com,Bookmarking,Recurring,44,,,,
2/24/2018,http://posts.bookmarkcore.com/,Bookmarking,Recurring,44,,,,
2/24/2018,http://share.bookmarkcore.com/,Bookmarking,Recurring,44,,,,
2/24/2018,http://www.bookmarkcore.com,Bookmarking,Recurring,44,,,,
7/12/2018,https://www.n49.com/,Local listing,One Time,43,,,dofollow,
7/12/2018,http://www.smartguy.com,Local listing,One Time,43,,,dofollow,
7/12/2018,http://www.fyple.com,Local listing,One Time,43,,,nofollow,
1/6/2018,http://www.4ni.co.uk,Local listing,One Time,43,,,,
1/20/2018,http://searchme4.co.uk/,Local listing,One Time,43,,,,
7/12/2018,http://www.hot-web-ads.com/,Classified,Recurring,42,,,dofollow,
7/12/2018,https://ablocal.com,Local listing,One Time,42,,,dofollow,asking phone number
7/12/2018,http://www.zipleaf.us/,Local listing,One Time,42,,,nofollow,
1/10/2018,http://www.localbd.com.au,Local listing,One Time,42,,,,no activation mail
1/10/2018,http://www.goldcoastbd.com.au/,Local listing,One Time,42,,,Dofollow,no activation mail
1/4/2018,https://www.ukclassifieds.co.uk/,Classified,Recurring,42,,,nofollow,
1/17/2018,https://www.daytonlocal.com/,Local listing,One Time,42,,,,travel and food related website
1/22/2018,https://www.britaine.co.uk/,classifieds/local listing,Recurring,42,,,,
1/22/2018,https://www.find-us-here.com,local listing,One Time,42,,,,
1/22/2018,https://www.whodoyou.com,local listing,One Time,42,,,,
1/22/2018,https://www.mylocalservices.co.uk/,Local listing,One Time,42,,,,
2/13/2018,https://www.ivacy.com,Blog commenting,Recurring,42,,,,
1/4/2018,http://www.friday-ad.co.uk,Classified,Recurring,41,,,nofollow,
1/8/2018,http://www.canetads.com,Classified,Recurring,41,,,nofollow,
12/28/2017,http://pixelhub.me/,profile creation,One Time,41,,,dofollow,
7/12/2018,http://www.mysheriff.net,Local listing,One Time,41,,,nofollow,
12/14/2017,http://www.247ebookmark.com/,Bookmarking,Recurring,41,,,dofollow,
1/8/2018,http://www.ukadslist.com,Classified,Recurring,41,,,,
12/11/2017,https://www.theanswerbank.co.uk,Q&A,Recurring,41,,,,
1/27/2018,http://www.onlinesocialbookmarker.com/,Bookmarking,Recurring,41,,,indexed and dofollow,
2/8/2018,blurpalicious.com,Bookmarking,Recurring,41,,,,
12/18/2017,http://new.rapichat.com/,Bookmarking,Recurring,40,,,nofollow,
7/12/2018,https://www.igotbiz.com,Local listing,One Time,40,,,nofollow,
1/23/2018,http://www.businessmeca.com/,Local listing ,One Time,40,,,,
1/29/2018,http://www.audimated.com/,Profile creation,One Time,40,,,indexed and dofollow,Ref link - http://www.audimated.com/index.php/artist/22992
2/12/2018,http://findnerd.com/,profile creation and blog post,Recurring,40,,,,
2/24/2018,http://marketing.247ebookmark.com,Bookmarking,Recurring,40,,,,
2/24/2018,http://application.247ebookmark.com/,Bookmarking,Recurring,40,,,,
2/24/2018,http://lifestyle.247ebookmark.com/,Bookmarking,Recurring,40,,,,
2/24/2018,http://business.247ebookmark.com/,Bookmarking,Recurring,40,,,,
7/12/2018,http://classifiedsforfree.com/,Classified,Recurring,39,,,nofollow,
12/11/2017,http://perde.xbizhost.com,Bookmarking,Recurring,39,,,nofollow,
1/4/2018,https://www.ad-mart.co.uk/,Classified,Recurring,39,,,,
7/12/2018,http://www.bookmarkingbase.com/,Bookmarking,Recurring,39,,,,
12/20/2017,http://www.akama.com,Local Listing,One Time,39,,,Nofollow,Requires facebook login to signup
1/17/2018,http://www.akama.com/,Local listing,One Time,39,,,,Cant register with email asking social media login for account creation
1/18/2018,https://www.callupcontact.com,Local Listing,One Time,39,,,,
1/19/2018,http://www.citiservi.com,Local listing,One Time,39,,,,
12/23/2017,https://adsark.com/,Classified,Recurring,39,,,,
7/12/2018,american-classifieds.net,Classified,Recurring,38,,,nofollow,
1/4/2018,http://www.emailing.ipt.pw,Bookmarking,Recurring,38,,,dofollow,
12/17/2017,justpep.com,Bookmarking,Recurring,38,,,nofollow,
12/29/2017,http://www.mettablog.com/,Bookmarking,Recurring,38,,,nofollow,
12/9/2017,http://www.yoomark.com/,Bookmarking,Recurring,38,,,nofollow,
7/12/2018,http://www.nexport.com/,Local listing,One Time,38,,,dofollow,
1/7/2018,http://australiaonlineadvertising.com.au,Local listing,One Time,38,,,,
12/16/2017,addthismark.com,Bookmarking,Recurring,38,,,nofollow,
12/14/2017,http://www.mixerbookmarker.com/,Bookmarking,Recurring,38,,,Dofollow,
1/11/2018,https://www.bahamaslocal.com,local listing,One Time,38,,,,
12/14/2017,http://www.bookmarkdais.com/,Bookmarking,Recurring,38,,,Dofollow,
1/2/2018,http://identyme.com,Profile creation,One Time,38,,,,
12/16/2017,g3dev.info,Blog commenting,One Time,38,,,,
1/24/2018,http://www.otd.to/,Bookmarking,Recurring,38,,,,
1/25/2018,http://freespaceway.com,Web 2.0 blog,Recurring,38,,,,Web 2.0 (like wordpress)
1/30/2018,https://www.iglobal.co,Local listing,One Time,38,,,,
7/12/2018,tampa.businesslistus.com,Local listing,One Time,38,,,,
1/31/2018,https://www.appfutura.com/,profile creation,One Time,38,,,,
2/3/2018,https://www.tripoto.com/,profile creation,Recurring,38,,,,travel related website
2/8/2018,mootin.com,Bookmarking,Recurring,38,,,indexed and dofollow,can't submit
7/12/2018,http://www.usaonlineclassifieds.com/,Classified,Recurring,37,,,dofollow,
7/12/2018,http://www.topclassifieds.com/,Classified,Recurring,37,,,dofollow,
7/12/2018,https://hub.fm/,Classified,Recurring,37,,,dofollow,
12/16/2017,dewalist.com,Classified,Recurring,37,,,dofollow,
12/15/2017,http://www.beatyourprice.com/,Classified,Recurring,37,,,dofollow,
12/8/2017,http://www.kedna.com,Classified,Recurring,37,,,nofollow,
1/7/2018,http://www.fedklfe.webmastershowcase.com.au,Bookmarking,Recurring,37,,,nofollow,same as http://www.emailing.ipt.pw
7/12/2018,http://www.ogoing.com,Local listing,One Time,37,,,nofollow,
12/17/2017,p-tweets.com,Blog posting/profile creation,Recurring,37,,,,
12/17/2017,fastlisting.org,Web 2.0 blog,Recurring,37,,,,
1/18/2018,http://www.idirectory.com/,Local listing,One Time,37,,,,
1/22/2018,http://businessnetwork.co.uk,local listing,One Time,37,,,,give website link without https or http and use usa address
1/22/2018,http://www.businessspread.co.uk,Local listing,One Time,37,,,,
1/23/2018,http://dailygram.com,Local listing/blog,Recurring,37,,,,
1/25/2018,http://www.tennis-motion-connect.com/,Profile creation,One Time,37,,,,
1/27/2018,http://www.leapzipblog.com/,Web 2.0 blog,Recurring,37,,,indexed and dofollow,
2/14/2018,https://familytechzone.com/roku-my-favorite-entertainment-device/,Blog commenting,Recurring,37,,,,
2/15/2018,http://www.boomeon.com,Web 2.0,Recurring,37,,,,
2/27/2018,http://www.funderhut.com/,Profile creation,One Time,37,,,,
7/12/2018,http://pressmania.com,Classified,Recurring,36,,,nofollow,
7/12/2018,https://www.expatads.com/,Classified,Recurring,36,,,nofollow,
12/17/2017,deowatt.com,Bookmarking,Recurring,36,,,dofollow,
12/12/2017,http://registertovotetoday.com/,Bookmarking,Recurring,36,,,nofollow,
12/9/2017,http://www.indofeed.com/,Bookmarking,Recurring,36,,,nofollow,
7/12/2018,http://www.bizexposed.com,Local listing,One Time,36,,,nofollow,
7/12/2018,http://www.iformative.com,Local listing,One Time,36,,,nofollow,
1/7/2018,http://www.businesslistings.net.au,Local listing,One Time,36,,,,
12/8/2017,https://flixed.io,Blog commenting,One Time,36,,,dofollow,
12/9/2017,http://www.jodohkita.info/,Bookmarking,Recurring,36,,,nofollow,
1/7/2018,http://www.freeadvertisingexchange.com,Classifieds,Recurring,36,,,,
12/30/2017,www.clipmoon.com/,video sharing,Recurring,36,,,,
1/17/2018,http://www.bolalist.com/,Local listing,One Time,36,,,,
1/18/2018,http://www.wherezit.com,Local listing,One Time,36,,,,
1/19/2018,https://www.cityfos.com,Local listing,One Time,36,,,,
1/19/2018,http://www.wegoplaces.com,Local listing,One Time,36,,,,
1/31/2018,http://www.shobby.co.uk/,Local Listing,One Time,36,,,,
12/17/2017,tealuck.com,Web 2.0 blog,Recurring,35,,,dofollow,
1/8/2018,http://www.aufreeads.com,Classified,Recurring,35,,,nofollow,
12/11/2017,http://wghpp.com/,Bookmarking,Recurring,35,,,nofollow,social profiles can't able to update
12/8/2017,http://www.blogbookmark.com/,Bookmarking,One Time,35,,,nofollow,
12/14/2017,http://www.ebookmarkcenter.com/,Bookmarking,Recurring,35,,,Dofollow,
12/28/2017,http://www.yellowise.com/,Local listing,One Time,35,,,dofollow,Redirects to yext.com when clicked on add a listing and paid
7/12/2018,http://www.beavercreekchamber.org,Local listing,One Time,35,,,,
1/18/2018,http://www.minorityprofessionalnetwork.com,Local listing,One Time,35,,,,
1/18/2018,http://www.techcitymap.com,Local listing,One Time,35,,,,
1/22/2018,http://uk-local-search.co.uk/,local listing,One Time,35,,,,
1/22/2018,https://www.lynkos.com/,local listing,One Time,35,,,,
1/22/2018,http://kentfind.co.uk,local listing,One Time,35,,,,
1/29/2018,http://users.linkular.com/,Profile creation/Directory,One Time,35,,,indexed and dofollow,
1/29/2018,http://articleneed.com/,Web 2.0 blog,Recurring,35,,,indexed and dofollow,
2/22/2018,cokoyes.com,Like social media sharing,Recurring,35,,,,
1/2/2018,http://scoophot.com,Web 2.0 blog,Recurring,34,,,dofollow,
7/12/2018,http://www.adsriver.com/,Classified,Recurring,34,,,dofollow,
1/2/2018,http://www.hotfreelist.com,Classified,Recurring,34,,,dofollow,
12/17/2017,classifiedsciti.com,Classified,Recurring,34,,,nofollow,
1/8/2018,http://adeum.com,Classified,Recurring,34,,,nofollow,
12/20/2017,http://bookmarks.freeticketopen.com/,Bookmarking,Recurring,34,,,nofollow,ERR_DNS_FAIL
12/20/2017,http://forum.freeticketopen.com/,Bookmarking,Recurring,34,,,nofollow,
12/8/2017,http://lymelightwebs.net/,Bookmarking,Recurring,34,,,nofollow,
12/28/2017,http://follr.com/,profile creation,One Time,34,,,dofollow,
1/9/2018,http://www.aunetads.com,Classified,recurring,34,,,dofollow,
7/12/2018,http://www.sociopost.com/,Bookmarking,Recurring,34,,,,limit reached
7/12/2018,https://credibility.com/,Local listing,One Time,34,,,,
12/16/2017,https://flixed.io/,Blog commenting,One Time,34,,,,
1/17/2018,http://www.shoplocally.com/,Local Listing,One Time,34,,,,
1/17/2018,https://www.contacthelp.com/,Local Listing,One Time,34,,,,
1/20/2018,http://www.theigroup.co.uk,Local listing,One Time,34,,,,
1/27/2018,http://www.sphynx-forum-ireland.com,Profile creation,One Time,34,,,,
2/2/2018,https://www.gaydesertguide.com,Profile/local listing/artilce submission,Recurring,34,,,,
2/15/2018,http://www.writeupcafe.com,like social media sharing,Recurring,34,,,,
7/12/2018,http://www.usedseattle.com/,Classified,Recurring,33,,,nofollow,
7/12/2018,http://freead1.net/,Classified,Recurring,33,,,nofollow,
1/2/2018,http://www.freeclassifiedssites.com,Classified,Recurring,33,,,dofollow,
12/17/2017,billburg.com,Classified,Recurring,33,,,dofollow,it's not support https so plz use http 
12/16/2017,czechtribe.com,Classified,Recurring,33,,,dofollow,
12/9/2017,http://www.adsanddeals.com,Classified,Recurring,33,,,dofollow,
12/11/2017,http://gardicanin.net ,Bookmarking,Recurring,33,,,nofollow,website can given with http only
12/21/2017,http://www.add-page.com/,Directory Submission,One Time,33,,,,
12/8/2017,https://thewirecutter.com/,Blog commenting,One Time,33,,,dofollow,
1/10/2018,http://shiningstuff.com,Classified,recurring,33,,,,
1/9/2018,http://australia.qtellads.com,Classifieds,Recurring,33,,,,
12/27/2017,https://oc2o.com/en/create-ad,Classified,Recurring,33,,,nofollow,
1/19/2018,https://www.myezbz.com,Local listing,One Time,33,,,,
1/20/2018,https://www.digibritain.co.uk/,Local listing,One Time,33,,,,
1/22/2018,https://dentons.net/,Local listing,One Time,33,,,,
1/22/2018,http://www.wheresbest.co.uk,local listing,One Time,33,,,,
1/22/2018,https://tagtagcity.com,local listing,One Time,33,,,,Plz take a published url like this https://tagtagcity.com/places/4765229
1/27/2018,http://egamingsupply.com/,Profile creation,One Time,33,,,indexed and dofollow,
12/14/2017,http://www.sociablebookmarker.com/,Bookmarking,Recurring,33,,,,
12/14/2017,http://www.bookmarkheart.com/,Bookmarking,Recurring,33,,,,
1/29/2018,http://focussion.com/,Image Sharing,Recurring,33,,,indexed and dofollow,
2/5/2018,http://newbusinesspower.com,profile creation,One Time,33,,,,
2/9/2018,http://autoforward.com/,Bookmarking,Recurring,33,,,,
2/12/2018,http://bookmarkingpage.com/,Bookmarking,Recurring,33,,,indexed and dofollow,
2/13/2018,http://www.deezer-blog.com,Blog commenting,Recurring,33,,,,
2/14/2018,https://forum.technofaq.org,Forum commenting,Recurring,33,,,,
2/15/2018,https://app.ideahunt.io/,Profile creation,One Time,33,,,,
7/12/2018,http://flegoo.com/,Classified,Recurring,32,,,nofollow,
7/12/2018,http://classified4free.net/,Classified,Recurring,32,,,dofollow,
7/12/2018,http://www.postfreeadshere.com/,Classified,Recurring,32,,,dofollow,
1/4/2018,https://www.outlived.co.uk,Classified,Recurring,32,,,dofollow,
1/2/2018,http://www.gabbleworld.com,Classified,Recurring,32,,,dofollow,
12/9/2017,http://freewebads.biz,Classified,Recurring,32,,,dofollow,
7/12/2018,https://windowly.com/,Bookmarking,Recurring,32,,,nofollow,
1/5/2018,https://www.gamesprout.co.uk,video sharing,One Time,32,,,,
12/14/2017,http://www.esocialbookmarker.com/,Bookmarking,Recurring,32,,,Dofollow,
1/8/2018,http://usadsciti.com/,Classified,Recurring,32,,,nofollow,
1/19/2018,http://www.injupiter.com,Local listing,One Time,32,,,,
1/20/2018,https://www.digilondon.co.uk/,Local listing,One Time,32,,,,
1/22/2018,https://www.bizfo.co.uk,Local listing/classifieds,Recurring,32,,,,there is separate category for printer plz use that for printer websites
1/23/2018,https://1stdirectory.co.uk,Local listing ,One Time,32,,,,
1/24/2018,https://channeliser.com,Profile creation,One Time,32,,,indexed and dofollow,
1/27/2018,https://classifieds.acceleweb.com/,Local listing,Recurring,32,,,indexed and dofollow,there is no website link option so plz use <a href...> code for link in des field and try to give social media links also
1/30/2018,http://www.adskorner.com,Classifieds,Recurring,32,,,,
2/2/2018,https://infeeds.com,Like web 2.0 post,Recurring,32,,,,
7/12/2018,http://www.estia.com,Classified,Recurring,31,,,dofollow,
7/12/2018,http://www.adsyellowpages.com/,Classified,Recurring,31,,,dofollow and nofollow,
7/12/2018,http://eonlineads.com/,Classified,Recurring,31,,,dofollow,
7/12/2018,http://classifieds4free.biz/,Classified,Recurring,31,,,dofollow,
12/29/2017,http://www.classtize.com,Classified,Recurring,31,,,nofollow,
1/8/2018,http://oboads.com/,Classified,Recurring,31,,,nofollow,
12/17/2017,10lance.com,Bookmarking,Recurring,31,,,nofollow,
12/12/2017,http://vtv10.com/,Bookmarking,Recurring,31,,,nofollow,
1/7/2018,http://www.cdnpages.ca/,Local listing,One Time,31,,,,
1/10/2018,http://www.brisbanebd.com.au/,Local listing,One Time,31,,,Dofollow,no activation mail
1/16/2018,http://www.californiaibd.com,Local listing/classifieds,Recurring,31,,,,
1/17/2018,https://www.813area.com/,Local Listing,One Time,31,,,,travel related website
1/17/2018,http://www.eximdata.com/,Local listing,One Time,31,,,,
2/5/2018,http://www.socearn.com,profile creation,One Time,31,,,,
2/8/2018,http://addusastory.com/,Bookmarking,Recurring,31,,,,
2/15/2018,http://www.scionxdforum.com/forum/showthread.php?t=4876,Fourm commenting,Recurring,31,,,,
2/22/2018,ninjafortress.com,Forum commenting,Recurring,31,,,,
7/12/2018,http://www.freeadsbook.com/,Classified,Recurring,30,,,dofollow,
12/9/2017,http://freeadsonline.biz,Classified,Recurring,30,,,dofollow,
12/8/2017,http://freebestads.com/,Classified,Recurring,30,,,dofollow,
1/8/2018,http://www.hyt.com,Classified,Recurring,30,,,nofollow,
12/11/2017,http://www.zariaetans.com/,Bookmarking,Recurring,30,,,nofollow,
12/8/2017,http://www.jreyscope.com/,Bookmarking,Recurring,30,,,dofollow,
1/4/2018,http://www.cdncc.com/,Classified,One Time,30,,,,
12/8/2017,https://www.dacast.com/,Blog commenting,One Time,30,,,dofollow,
12/9/2017,https://xoocal.com,Classifieds,One Time,30,,,,
12/17/2017,choicebookmarks.com,Bookmarking,Recurring,30,,,Nofollow,
1/22/2018,https://www.localstore.co.uk/,local listing,One Time,30,,,,
1/22/2018,http://www.ukwebindex.co.uk,local listing,One Time,30,,,,
2/7/2018,http://bookmarkbook.org/,Bookmarking,Recurring,30,,,indexed and dofollow,
7/12/2018,http://globalclassified.net/,Classified,Recurring,29,,,dofollow,
12/8/2017,http://www.adsblue.com/,Classified,Recurring,29,,,nofollow,
12/8/2017,http://getadsonline.com/,Classified,Recurring,29,,,dofollow,
1/3/2018,http://visitbookmarks.com/,Bookmarking,Recurring,29,,,nofollow,
1/3/2018,http://todays1051.net/,Bookmarking,Recurring,29,,,dofollow,
12/17/2017,getsocialpr.com,Bookmarking,Recurring,29,,,dofollow,
12/8/2017,http://www.storymint.com/,Bookmarking,Recurring,29,,,dofollow,
7/12/2018,http://www.localnoggins.com/,Local listing,One Time,29,,,dofollow,
12/16/2017,getconnected360.com,Local listing,One Time,29,,,,
1/10/2018,http://web-free-ads.com/,Classified,recurring,29,,,,503
1/11/2018,http://www.ratebe.com.au/,Directory Submission,Recurring,29,,,,can't give hyperlink
12/14/2017,http://gen-eff.net/,Bookmarking,Recurring,29,,,nofollow,
1/18/2018,http://www.freemerchantnetwork.com,Local listing,One Time,29,,,,
1/22/2018,https://www.firstfriday-network.co.uk,local listing,One Time,29,,,,
2/2/2018,http://web.horde.to/,Whois,One Time,29,,,,
2/14/2018,https://www.contact-email-support.com/blog/connect-roku-internet/,Blog commenting,Recurring,29,,,,
2/15/2018,http://balconyteam.com,Forum commenting,Recurring,29,,,,
7/12/2018,http://www.freeadsciti.com/,Classified,Recurring,28,,,nofollow,
1/5/2018,http://www.bunchbay.ca,Classified,Recurring,28,,,dofollow,
12/23/2017,http://postherefree.com,Classified,Recurring,28,,,dofollow,
1/8/2018,https://aderk.ca,Classified,Recurring,28,,,nofollow,
1/3/2018,http://3000bonus.com/,Bookmarking,Recurring,28,,,nofollow,
1/2/2018,http://immensewise.com,Bookmarking,Recurring,28,,,nofollow,
1/10/2018,http://www.adelaidebd.com.au/,Local listing,One Time,28,,,Dofollow,no activation mail
1/3/2018,http://dupioneer.com,Bookmarking,Recurring,28,,,,
1/17/2018,https://businesslistingplus.com/,Local listing/classifieds,Recurring,28,,,,
1/25/2018,http://builder.ezywebs.com.au,Web 2.0 blog,Recurring,28,,,indexed and dofollow,
2/5/2018,http://www.peorian.com/,Forum Commenting,Recurring,28,,,indexed and dofollow,
2/7/2018,http://coolpot.com/,Bookmarking,Recurring,28,,,indexed and dofollow,
2/8/2018,http://updatesee.com/,Bookmarking,Recurring,28,,,indexed and dofollow,
7/12/2018,http://freewebads.us,Classified,Recurring,27,,,dofollow,
12/23/2017,http://www.1smartlist.com/,Classified,Recurring,27,,,dofollow,
12/8/2017,http://posthereads.com/,Classified,Recurring,27,,,dofollow,
1/3/2018,http://speedycon.org/,Bookmarking,Recurring,27,,,nofollow,
12/21/2017,http://localwall.net,Local listing,One Time,27,,,,
12/21/2017,http://www.walldirectory.com/,Local listing,One Time,27,,,,
12/21/2017,http://azlogistics.com/,Local listing,One Time,27,,,,
1/8/2018,http://www.1000sads.com ,Classified,Recurring,27,,,,
1/8/2018,http://www.qtellfreeclassifiedads.com,Classified,Recurring,27,,,,
12/17/2017,biznas.com,Document sharing,One Time,27,,,,
1/17/2018,https://companylist.org,Local Listing,One Time,27,,,,
1/23/2018,http://www.yourni.co.uk,Local listing ,One Time,27,,,,
1/23/2018,http://gosearchdirectory.com,Local listing ,One Time,27,,,,
1/7/2018,http://australia.metroclassifieds.com.au,Classified,Recurring,26,,,dofollow,
12/8/2017,http://mypetads.com/,Classified,Recurring,26,,,dofollow,
12/16/2017,smallbizpages.us,Local listing,One Time,26,,,dofollow,
1/23/2018,https://www.businessmeus.com,Local listing ,One Time,26,,,,
1/24/2018,http://connectfirms.com/,Profile creation,One Time,26,,,indexed and nofollow,
1/25/2018,http://questionsignal.com/,Q&A,Recurring,26,,,,
1/30/2018,http://www.computer-repairs-maintenance.co.uk/,Local listing,One Time,26,,,Indexed and nofollow,
12/17/2017,infomapp.com,Web 2.0 blog,Recurring,25,,,dofollow,
12/8/2017,http://ezclassifiedads.com/,Classified,Recurring,25,,,dofollow,
12/8/2017,http://classifiedonlineads.net/,Classified,Recurring,25,,,dofollow,
12/21/2017,http://bestelinkc.com/,Bookmarking,Recurring,25,,,nofollow,
12/21/2017,http://freshlinkzones.com/,Bookmarking,Recurring,25,,,nofollow,
12/17/2017,bookurlinks.com,Bookmarking,Recurring,25,,,nofollow,
12/28/2017,https://enetget.com/,profile creation,One Time,25,,,nofollow,
12/8/2017,http://www.topix.com,Blog commenting,One Time,25,,,dofollow,
1/10/2018,http://www.classifriedads.org/,Classified,recurring,25,,,,
1/22/2018,http://www.stores-locator.com/,Local listing,One Time,25,,,,add store and shops in usa
1/23/2018,http://www.topukdirectory.co.uk/,Local listing ,One Time,25,,,,
1/31/2018,http://www.theuksbest.co.uk,Local Listing,One Time,25,,,,
2/14/2018,http://digitalreview.co/11-hidden-roku-tricks-try-right-now/,Blog commenting,Recurring,25,,,,
2/15/2018,http://www.justaaa.com,Q&A,Recurring,25,,,,
7/12/2018,http://www.buckdodgers.com/,Classified,Recurring,24,,,dofollow and nofollow,
12/23/2017,http://www.zappclassifieds.com/,Classified,Recurring,24,,,dofollow,
1/8/2018,http://www.adsfarm.co.uk,Classified,Recurring,24,,,nofollow,
1/3/2018,http://eugendorf.net/,Bookmarking,Recurring,24,,,nofollow,
12/21/2017,,Bookmarking,Recurring,24,,,nofollow,
12/21/2017,http://vote.thearticlebuzz.com,Bookmarking,Recurring,24,,,nofollow,
12/21/2017,http://seo.socialbizarenews.com/,Bookmarking,Recurring,24,,,nofollow,
12/21/2017,http://easyelinkc.com,Bookmarking,Recurring,24,,,nofollow,
12/21/2017,http://www.mycitybusiness.net,Local listing,One Time,24,,,,
12/21/2017,http://newslinkzones.com/,Bookmarking,Recurring,24,,,nofollow,
1/8/2018,http://www.tendermeforfree.com,Classified,Recurring,24,,,,
1/16/2018,https://www.aileensoul.com/,Local listing/classifieds,Recurring,24,,,,
1/16/2018,http://1bakersfield.com,Local listing,One Time,24,,,nofollow,
1/17/2018,http://ospreynokomisflorida.com/,Local listing,One Time,24,,,,Paid
7/12/2018,freepostclassifiedads.com,Classifieds,Recurring,24,,,Indexed and nofollow,
2/8/2018,http://latestinfographics.com,Infographics,Recurring,24,,,,
2/15/2018,http://www.bookmarkpocket.com,Bookmarking,Recurring,24,,,,
12/16/2017,nullads.org,Classified,Recurring,23,,,dofollow,
12/21/2017,http://totalshare.net/,Bookmarking,Recurring,23,,,dofollow,
12/17/2017,handymanservice.biz,Bookmarking,Recurring,23,,,nofollow,
12/28/2017,http://www.ads-mall.com/,profile creation,One Time,23,,,dofollow,
12/16/2017,uvideoplay.com,video sharing,One Time,23,,,,
1/9/2018,http://www.smallbusinessads.co.uk,Local listing,One Time,23,,,dofollow,
1/9/2018,http://www.listall.ca/,Classified,recurring,23,,,,
12/17/2017,kewlwallet.com,Classified,Recurring,23,,,,yes
12/26/2017,http://adfreeposting.com/,Classified,Recurring,23,,,Nofollow,
1/18/2018,http://www.gosgi.com,Local listing,One Time,23,,,,
1/20/2018,http://www.dublinbynumbers.com/,Local listing,One Time,23,,,,
1/23/2018,http://uklistingz.co.uk,Local listing ,One Time,23,,,,
2/2/2018,http://www.nextbizdoor.com,Profile creation,One Time,23,,,,There is no option for website so plz add the youtube video links
2/8/2018,http://referbookmarks.com/,Bookmarking,Recurring,23,,,,ERR_ZERO_SIZE_OBJECT
2/14/2018,http://blog.freeair.tv/2015/12/where-roku-ends-cloudantenna-picks-up.html,Blog commenting,Recurring,23,,,,
2/24/2018,http://firststrikepro.com/,Forum commenting/profile creation,Recurring,23,,,,
7/12/2018,http://www.bestcraigslists.com,Classified,Recurring,22,,,dofollow,
12/23/2017,http://nvnickel.com/,Classified,Recurring,22,,,dofollow,
1/8/2018,http://www.ustings.com/,Classified,Recurring,22,,,nofollow,
12/21/2017,http://bookmarkurlinkc.com/,Bookmarking,Recurring,22,,,nofollow,
12/21/2017,http://sitelinkbacks.com/,Bookmarking,Recurring,22,,,nofollow,
7/12/2018,https://ilocalize.com,Local listing,One Time,22,,,dofollow,
7/12/2018,https://townrenowned.com,Local listing,One Time,22,,,dofollow,
7/12/2018,http://www.usemybusiness.com/,Local listing,One Time,22,,,nofollow,
12/30/2017,https://www.finditnowdirectory.com.au/,Local listing,One Time,22,,,,
1/23/2018,http://www.us-info.com,Local listing ,One Time,22,,,,
1/31/2018,http://www.freeadvertisingblog.com/,Local Listing,One Time,22,,,,
12/17/2017,ifl-forum.com,Forum/profile creation,Recurring,22,,,,
2/7/2018,http://atlhtml5.net/,Bookmarking,Recurring,22,,,indexed and dofollow,
2/13/2018,http://my-company-profile.com/,Local listing,One Time,22,,,,
1/7/2018,https://usa.classifiedsfree.co,Classified,Recurring,21,,,nofollow,
1/7/2018,https://australia.classifiedsfree.co,Classified,Recurring,21,,,nofollow,
12/23/2017,http://www.u2freeclassifiedads.com/,Classified,Recurring,21,,,nofollow,
12/21/2017,http://seonews.homefoodforever.com/,Bookmarking,Recurring,21,,,nofollow,
12/21/2017,http://bookmarkingstuff.homefoodforever.com/,Bookmarking,Recurring,21,,,nofollow,
12/21/2017,http://submitstory.homefoodforever.com/,Bookmarking,Recurring,21,,,nofollow,
12/21/2017,http://socialstuff.homefoodforever.com/,Bookmarking,Recurring,21,,,nofollow,
12/21/2017,http://socialnews.homefoodforever.com/,Bookmarking,Recurring,21,,,nofollow,
12/21/2017,http://bestlinksworldc.com/,Bookmarking,Recurring,21,,,nofollow,
7/12/2018,http://www.tampabaybusinesslist.com/,Local listing,One Time,21,,,nofollow,
1/8/2018,https://www.denversale.com,Classified,Recurring,21,,,,
1/17/2018,https://www.caymanbuzz.com/,Local Listing,One Time,21,,,,
1/18/2018,http://www.innercircle.com/,Local Listing/Q&A,One Time,21,,,,submitted and waiting for approval
1/27/2018,http://www.linkworld.us/,Video sharing site/image sharing site,Recurring,21,,,,
2/3/2018,http://www.golocalclassified.com,Classifieds,Recurring,21,,,,
2/8/2018,http://www.justaroundtown.com,Local Listing,One Time,21,,,,
2/22/2018,http://qnundrum.com/,Forum commenting,Recurring,21,,,,
7/12/2018,http://listitsellit.us/,Classified,Recurring,20,,,dofollow,
7/12/2018,http://www.4ufreeclassifiedads.com/,Classified,Recurring,20,,,dofollow and nofollow,
1/5/2018,http://freeadshome.com,Classified,Recurring,20,,,dofollow,acount suspended
12/29/2017,https://eventsking.com,Classified,Recurring,20,,,dofollow,
12/29/2017,http://dciads.com/,Classified,Recurring,20,,,dofollow,
1/4/2018,http://www.ib2biz.com,Bookmarking,Recurring,20,,,dofollow,
1/3/2018,http://ganeshaubud.com/,Bookmarking,Recurring,20,,,dofollow,
12/21/2017,http://linkslistc.com/,Bookmarking,Recurring,20,,,nofollow,
12/17/2017,financial-guides.com,Bookmarking,Recurring,20,,,nofollow,
12/17/2017,mediajx.com,Bookmarking,Recurring,20,,,nofollow,
1/17/2018,https://www.212area.com,Local Listing,One Time,20,,,,travel related website
1/18/2018,http://www.alltheflorida.com/,Local listing,One Time,20,,,,
1/19/2018,http://www.localsearchlight.com,Local listing,One Time,20,,,Nofollow,
1/22/2018,http://ntdirectory.com,local listing,One Time,20,,,,
1/27/2018,http://www.surrealevasion.com,Forum Commenting,Recurring,20,,,,
1/27/2018,http://journeypassion.com,Bookmarking/profile creation,Recurring,20,,,indexed and dofollow,
2/5/2018,http://www.yourtechtamer.com,"printer, Microsoft blog commenting",Recurring,20,,,,
2/13/2018,https://scotteblog.com/,Blog commenting,Recurring,20,,,,
1/7/2018,http://worldads.us,Classifieds,Recurring,20,,,,
1/23/2018,https://www.businessmeuk.co.uk,Local listing ,One Time,19,,,,
1/30/2018,http://www.computer-systems-uk.co.uk,Local listing,One Time,19,,,Indexed and nofollow,
2/14/2018,http://bg-community.net/,Forum commenting,Recurring,19,,,,
7/12/2018,lookuppage.biz,Local listing,One Time,18,,,,
1/30/2018,http://www.universeclassifieds.com,Classifieds,Recurring,18,,,Indexed and dofollow,
2/14/2018,http://teamtaketwo.eu,Forum commenting,Recurring,18,,,,
2/22/2018,http://www.wikiamonks.com,Blog posting,Recurring,18,,,,
1/13/2018,https://www.auclassifieds.com.au,Classifieds,Recurring,17,,,Nofollow,
1/27/2018,http://businessplaces.us/,Local listing,One Time,17,,,indexed and dofollow,
7/12/2018,http://www.qtellhousehunter.com/,Classifieds,Recurring,17,,,indexed and nofollow,
2/15/2018,https://www.phoneservicesupport.com/,Fourm commenting,Recurring,17,,,,
12/16/2017,post-free-classified-ad.com,Classified,Recurring,16,,,,yes
1/17/2018,http://www.915area.com/,Local listing,One Time,16,,,,travel related website
1/17/2018,http://www.carolinabusiness.us/,Local listing,One Time,16,,,,
1/19/2018,http://www.california-webbusiness.com/,Local listing,One Time,16,,,,
2/1/2018,https://addinfographic.com,Infographic site,Recurring,16,,,,
2/24/2018,http://www.bayadv.com/,Classifieds,Recurring,16,,,,
1/13/2018,https://www.ashburtondirectory.com.au/,Directory Submission,Recurring,15,,,Nofollow,
1/19/2018,https://www.mountdoramerchants.com,Local listing,One Time,15,,,,
1/30/2018,http://www.nationwidecomputertechs.net,Local listing,One Time,15,,,Indexed and dofollow,
1/30/2018,http://www.compshops.com,Local listing,One Time,15,,,Indexed and dofollow,
1/30/2018,https://www.securityinformed.com/,Local listing,One Time,15,,,,
7/12/2018,fmclassifieds.com,Classifieds,Recurring,15,,,,
1/30/2018,http://www.wholesalefreeclassifiedads.com/,Classifieds,Recurring,14,,,,
1/18/2018,http://www.oisinslist.com/,Local listing,One Time,13,,,,"Low DA--- do backlink based on software(like printer software, Roku software)"
1/18/2018,https://myfreshbiz.com,Local listing,One Time,13,,,,
7/12/2018,http://www.whatsyourhours.com,Local listing,One Time,13,,,,Low DA
1/19/2018,http://athensalabamabusiness.com,Local listing,One Time,12,,,,
1/2/2018,https://yourlisten.com,profile creation,One Time,,,,,
1/22/2018,http://www.tagozi.com/,Classifieds,,,,,,
1/22/2018,https://www.whatsyourhours.com/,Local listing,,,,,,
1/22/2018,https://www.allhitad.com/,Classifieds,,,,,,
2/6/2018,https://www.sitejabber.com/,Write a review,One Time,,,,,
2/6/2018,https://alternativeto.net/,Write a review,One Time,,,,,
7/12/2018,https://www.4shared.com,podcast,Recurring,85,,,,
7/12/2018,https://independent.academia.edu,,,,,,,
7/12/2018,https://www.accountingweb.com,,,,,,,
7/12/2018,http://addwish.com,Profile creation,,,,,,
7/12/2018,https://addons.mozilla.org/,Profile creation,,,,,,
7/12/2018,https://www.aeriagames.com,Profile creation,,,,,,
7/12/2018,http://www.alternion.com/,Profile creation/Social Media Sharing,,,,,,
7/12/2018,https://anotepad.com,Web 2.0,,,,,,
7/12/2018,http://www.mortgage.ipt.pw/,Bookmarking,,,,,,
7/12/2018,http://www.treatments.ipt.pw/,Bookmarking,,,,,,
7/12/2018,https://www.smdailyjournal.com/classifieds/,Classifieds,,60,,,,
7/12/2018,http://classifieds.reviewjournal.com,Classifieds,,84,,,,
7/12/2018,http://www.craigslist.org/,Classifieds,,,,,,
7/12/2018,http://www.citeulike.org/,bookmarking,,72,,,,
7/12/2018,http://www.whitelinks.com,Not used,,,,,,
7/12/2018,http://www.killerstartups.com,bookmarking,,63,,,,
7/12/2018,https://join.app.net,error,,,,,,
7/12/2018,https://getsatisfaction.com,Irrelavant,,,,,,
7/12/2018,http://www.newsvine.com,Irrelavant,,,,,,
7/12/2018,https://www.crowdspring.com,Paid,,,,,,
7/12/2018,http://www.yatedo.com,Irrelavant,,,,,,
7/12/2018,http://bundlr.com,404,,,,,,
7/12/2018,https://stocktwits.com,Profile creation,,,,,,
7/12/2018,https://www.mightycause.com,Profile creation,,,,,,
7/12/2018,http://www.myvidster.com,Profile creation,,,,,,
7/12/2018,https://free-classifieds-usa.com/,Classifieds,,,,,,
7/12/2018,https://choicebookmarks.com,Bookmarking,,,,,,
7/12/2018,http://deowatt.com,Bookmarking,,,,,,
7/12/2018,https://www.adhesivesmag.com/classifieds,Classifieds,,45,,,,
7/12/2018,http://mediajx.com,,,,,,,
6/9/2018,https://technewsgadget.net/,Press Release,,38,,,,
6/9/2018,http://forum.conceiva.com/,Forum submission,,,,,,
6/9/2018,https://www.popdust.com/,Profile creation/post,,64,,,,Use your social media login for profile creation
6/11/2018,https://paper.dropbox.com,image sharing,,94,,,,
6/11/2018,https://www.30boxes.com,profilr creation,,,,,,
6/11/2018,http://socialbookmarkings.us,bookmarking,,,,,,
6/11/2018,https://armorgames.com,Profile creation,,84,,,,
6/11/2018,http://inmethod.com,Profile creation,,60,,,,
6/11/2018,http://hawkee.com/,Profile creation,,57,,,,
6/11/2018,http://doodleordie.com/,profile creation,,59,,,,
6/11/2018,http://www.pcdistrict.com/,Bookmarking,,54,,,,
6/11/2018,https://www.quibblo.com/,Bookmarking,,65,,,,
6/11/2018,https://www.sitey.com/,Web 2.0,,41,,,,
6/11/2018,http://www.veslonyc.com/,Bookmarking,,39,,,,
6/12/2018,https://mootools.net/,Profile creation,,72,,,,"It's coding related website, just create a profile and try to add projects (coding)"
6/12/2018,https://themindunleashed.com/,Guest Post,,56,,,,
6/12/2018,https://www.funadvice.com/,profile creation,,57,,,,
6/12/2018,https://asknature.org,profile creation,,54,,,,
6/12/2018,https://postimg.cc/,image sharing,,71,,,,
6/13/2018,https://www.bizvotes.com/,Local listing,,60,,,,
6/13/2018,https://www.arcaracing.com/,Profile Creation,,53,,,,
6/13/2018,https://www.yoys.net/,Local listing,,29,,,,
6/15/2018,https://app.bitly.com,Create link,,88,,,,
6/15/2018,https://www.bloglovin.com,Create post,,92,,,,
6/15/2018,https://h30434.www3.hp.com,QandA (For HP printer) ,,,,,,
6/15/2018,https://adsansar.com/,Bookmarking,,31,,,,
6/15/2018,https://drikdir.com/,Bookmarking,,20,,,,
6/15/2018,http://www.poemsbook.net/,web 2.0,,39,,,,
6/15/2018,http://onlinejamsessions.com,Profile creation,,20,,,,
6/23/2018,https://www.aol.com/,Blog Commenting,,,,,,
6/26/2018,https://independent.academia.edu/RokuComLinkAccount,,,,,,,
6/26/2018,http://city.seobacklinks.cf/story.php?title=guidelines-for-setup-your-roku,Bookmarking,,,,,,
6/26/2018,http://www.4mark.net/story/410894/guidelines-for-setup-your-roku,Bookmarking,,,,,,
6/26/2018,http://rokucomlinkaccount.myfreesites.net/blog/guidelines-for-setup-your-roku,,,,,,,
6/26/2018,downtownmiami.com,Profile Creation,,50,,,,
6/26/2018,geforce.com,forum  commenting,,81,,,,
6/26/2018,herox.com,Profile Creation,,70,,,,
6/26/2018,levo.com,Profile Creation,,75,,,,
6/26/2018,localbiznetwork.com,Local Listing,,69,,,,
6/26/2018,smartexpat.com,Local Listing,,69,,,,
6/28/2018,adsciti.com,Classified,,52,,,,
6/28/2018,openfaves.com,Article submission,,51,,,,
7/4/2018,canva.com,PPT submission,,86,,,,
7/4/2018,eventbrite.com,Profile creation,,93,,,,
7/6/2018,Padlet.com,Bookmarking,,82,,,,
7/6/2018,Contently.com,Bookmarking,,71,,,,
7/6/2018,Bubbl.us,Bookmarking,,66,,,,
7/6/2018,gust.com,Profile creation,,66,,,,
7/6/2018,caringbridge.org,web2.0,,82,,,,
7/6/2018,ideafit.com,Q&A,,71,,,,
7/6/2018,angieslist.com,Local listing,,91,,,,
7/6/2018,giphy.com/explore,Video sharing,,91,,,,
7/10/2018,beddingdropship.com,web2.0,,21,,,,
7/10/2018,mx1.webmastershowcase.com.au,Bookmarking,,56,,,,
7/11/2018,england.photoads.co.uk,Image sharing site,,45,,,,
7/11/2018,keywordniches.com,Keyword finder tool,,32,,,,
7/11/2018,cmolink.com,Domain Picker,,28,,,,
7/11/2018,emutop.net,Domain Picker,,28,,,,
7/11/2018,vr2020.cn,Redirect to fixya,,15,,,,
,,,,,,,,
,,,,,,,,
,,,,,,,,
,,,,,,,,
,,,,,,,,
,,,,,,,,
,,,,,,,,
,,,,,,,,
,,,,,,,,
,,,,,,,,
,,,,,,,,
,,,,,,,,
,,,,,,,,
,,,,,,,,
,,,,,,,,
,,,,,,,,
,,,,,,,,
,,,,,,,,
,,,,,,,,
,,,,,,,,
,,,,,,,,
,,,,,,,,
,,,,,,,,
,,,,,,,,
,,,,,,,,
,,,,,,,,
,,,,,,,,
,,,,,,,,
,,,,,,,,
,,,,,,,,
,,,,,,,,
,,,,,,,,
,,,,,,,,
,,,,,,,,
,,,,,,,,
,,,,,,,,
,,,,,,,,
,,,,,,,,
,,,,,,,,
,,,,,,,,
,,,,,,,,
,,,,,,,,
,,,,,,,,
,,,,,,,,
,,,,,,,,
,,,,,,,,
,,,,,,,,
,,,,,,,,
,,,,,,,,
,,,,,,,,
,,,,,,,,
,,,,,,,,
,,,,,,,,
,,,,,,,,
,,,,,,,,
,,,,,,,,
,,,,,,,,
,,,,,,,,
,,,,,,,,
,,,,,,,,
,,,,,,,,
,,,,,,,,
,,,,,,,,
,,,,,,,,
,,,,,,,,
,,,,,,,,
,,,,,,,,
,,,,,,,,
,,,,,,,,
,,,,,,,,
,,,,,,,,
,,,,,,,,
,,,,,,,,
,,,,,,,,
,,,,,,,,
,,,,,,,,
,,,,,,,,
,,,,,,,,
,,,,,,,,
,,,,,,,,
,,,,,,,,
,,,,,,,,
,,,,,,,,
,,,,,,,,
,,,,,,,,
,,,,,,,,
,,,,,,,,
,,,,,,,,
,,,,,,,,
,,,,,,,,
,,,,,,,,
,,,,,,,,
,,,,,,,,
,,,,,,,,
,,,,,,,,
,,,,,,,,
,,,,,,,,
,,,,,,,,
,,,,,,,,
,,,,,,,,
,,,,,,,,
,,,,,,,,
,,,,,,,,
,,,,,,,,
,,,,,,,,
,,,,,,,,
,,,,,,,,
,,,,,,,,
,,,,,,,,
,,,,,,,,
,,,,,,,,
,,,,,,,,
,,,,,,,,
,,,,,,,,
,,,,,,,,
,,,,,,,,
,,,,,,,,
,,,,,,,,
,,,,,,,,
,,,,,,,,
,,,,,,,,
,,,,,,,,
,,,,,,,,
,,,,,,,,
,,,,,,,,
,,,,,,,,
,,,,,,,,
,,,,,,,,
,,,,,,,,
,,,,,,,,
,,,,,,,,
,,,,,,,,
,,,,,,,,
,,,,,,,,
,,,,,,,,
,,,,,,,,
,,,,,,,,
,,,,,,,,
,,,,,,,,
,,,,,,,,
,,,,,,,,
,,,,,,,,
,,,,,,,,
,,,,,,,,
,,,,,,,,
,,,,,,,,
,,,,,,,,
,,,,,,,,
,,,,,,,,
,,,,,,,,
,,,,,,,,
,,,,,,,,
,,,,,,,,
,,,,,,,,
,,,,,,,,
,,,,,,,,
,,,,,,,,
,,,,,,,,
,,,,,,,,
,,,,,,,,
,,,,,,,,
,,,,,,,,
,,,,,,,,
,,,,,,,,
,,,,,,,,
,,,,,,,,
,,,,,,,,
,,,,,,,,
,,,,,,,,
,,,,,,,,
,,,,,,,,
,,,,,,,,
,,,,,,,,
,,,,,,,,
,,,,,,,,
,,,,,,,,
,,,,,,,,
,,,,,,,,
,,,,,,,,
,,,,,,,,
,,,,,,,,
,,,,,,,,
,,,,,,,,
,,,,,,,,
,,,,,,,,
,,,,,,,,
,,,,,,,,
,,,,,,,,
,,,,,,,,
,,,,,,,,
,,,,,,,,
,,,,,,,,
,,,,,,,,
,,,,,,,,
,,,,,,,,
,,,,,,,,
,,,,,,,,
,,,,,,,,
,,,,,,,,
,,,,,,,,
,,,,,,,,
,,,,,,,,
,,,,,,,,
,,,,,,,,
,,,,,,,,
,,,,,,,,
,,,,,,,,
,,,,,,,,
,,,,,,,,
,,,,,,,,
,,,,,,,,
,,,,,,,,
,,,,,,,,
,,,,,,,,
,,,,,,,,
,,,,,,,,
,,,,,,,,
,,,,,,,,
,,,,,,,,
,,,,,,,,
,,,,,,,,
,,,,,,,,
,,,,,,,,
,,,,,,,,
,,,,,,,,
,,,,,,,,
,,,,,,,,
,,,,,,,,
,,,,,,,,
,,,,,,,,
,,,,,,,,
,,,,,,,,
,,,,,,,,
,,,,,,,,
,,,,,,,,
,,,,,,,,
,,,,,,,,
,,,,,,,,
,,,,,,,,
,,,,,,,,
,,,,,,,,
,,,,,,,,
,,,,,,,,
,,,,,,,,
,,,,,,,,
,,,,,,,,
,,,,,,,,
,,,,,,,,
,,,,,,,,
,,,,,,,,
,,,,,,,,
,,,,,,,,
,,,,,,,,
,,,,,,,,
,,,,,,,,
,,,,,,,,
,,,,,,,,
,,,,,,,,
,,,,,,,,
,,,,,,,,
,,,,,,,,
,,,,,,,,
,,,,,,,,
,,,,,,,,
,,,,,,,,
,,,,,,,,
,,,,,,,,
,,,,,,,,
,,,,,,,,
,,,,,,,,
,,,,,,,,
,,,,,,,,
,,,,,,,,
,,,,,,,,
,,,,,,,,
,,,,,,,,
,,,,,,,,
,,,,,,,,
,,,,,,,,
,,,,,,,,
,,,,,,,,
,,,,,,,,
,,,,,,,,
,,,,,,,,
,,,,,,,,
,,,,,,,,
,,,,,,,,
,,,,,,,,
,,,,,,,,
,,,,,,,,
,,,,,,,,
,,,,,,,,
,,,,,,,,
,,,,,,,,
,,,,,,,,
,,,,,,,,
,,,,,,,,
,,,,,,,,
,,,,,,,,
,,,,,,,,
,,,,,,,,
,,,,,,,,
,,,,,,,,
,,,,,,,,
,,,,,,,,
,,,,,,,,
,,,,,,,,
,,,,,,,,
,,,,,,,,
,,,,,,,,
,,,,,,,,
,,,,,,,,
,,,,,,,,
,,,,,,,,
,,,,,,,,
,,,,,,,,
,,,,,,,,
,,,,,,,,
,,,,,,,,
,,,,,,,,
,,,,,,,,
,,,,,,,,
,,,,,,,,
,,,,,,,,
,,,,,,,,
,,,,,,,,
,,,,,,,,
,,,,,,,,
,,,,,,,,
,,,,,,,,
,,,,,,,,
,,,,,,,,
,,,,,,,,
,,,,,,,,
,,,,,,,,
,,,,,,,,
,,,,,,,,
,,,,,,,,
,,,,,,,,
,,,,,,,,
,,,,,,,,
,,,,,,,,
,,,,,,,,
,,,,,,,,
,,,,,,,,
,,,,,,,,
,,,,,,,,
,,,,,,,,
,,,,,,,,
,,,,,,,,
,,,,,,,,
,,,,,,,,
,,,,,,,,
,,,,,,,,
,,,,,,,,
,,,,,,,,
,,,,,,,,
,,,,,,,,
,,,,,,,,
,,,,,,,,
,,,,,,,,
,,,,,,,,
,,,,,,,,
,,,,,,,,
,,,,,,,,
,,,,,,,,
,,,,,,,,
,,,,,,,,
,,,,,,,,
,,,,,,,,
,,,,,,,,
,,,,,,,,
,,,,,,,,
,,,,,,,,
,,,,,,,,
,,,,,,,,
,,,,,,,,
,,,,,,,,
,,,,,,,,
,,,,,,,,
,,,,,,,,
,,,,,,,,
,,,,,,,,
,,,,,,,,
,,,,,,,,
,,,,,,,,
,,,,,,,,
,,,,,,,,
,,,,,,,,
,,,,,,,,
,,,,,,,,
,,,,,,,,
,,,,,,,,
,,,,,,,,
,,,,,,,,
,,,,,,,,
,,,,,,,,
,,,,,,,,
,,,,,,,,
,,,,,,,,
,,,,,,,,
,,,,,,,,
,,,,,,,,
,,,,,,,,
,,,,,,,,
,,,,,,,,
,,,,,,,,
,,,,,,,,
,,,,,,,,
,,,,,,,,
,,,,,,,,
,,,,,,,,
,,,,,,,,
,,,,,,,,
,,,,,,,,
,,,,,,,,
,,,,,,,,
,,,,,,,,
,,,,,,,,
,,,,,,,,
,,,,,,,,
,,,,,,,,
,,,,,,,,
,,,,,,,,
,,,,,,,,
,,,,,,,,
,,,,,,,,
,,,,,,,,
,,,,,,,,
,,,,,,,,
,,,,,,,,
,,,,,,,,
,,,,,,,,
,,,,,,,,
,,,,,,,,
,,,,,,,,
,,,,,,,,
,,,,,,,,
,,,,,,,,
,,,,,,,,
,,,,,,,,
,,,,,,,,
,,,,,,,,
,,,,,,,,
,,,,,,,,
,,,,,,,,
,,,,,,,,
,,,,,,,,
,,,,,,,,
,,,,,,,,
,,,,,,,,
,,,,,,,,
,,,,,,,,
,,,,,,,,
,,,,,,,,
,,,,,,,,
,,,,,,,,
,,,,,,,,
,,,,,,,,
,,,,,,,,
,,,,,,,,
,,,,,,,,
,,,,,,,,
,,,,,,,,
,,,,,,,,
,,,,,,,,
,,,,,,,,
,,,,,,,,
,,,,,,,,
,,,,,,,,
,,,,,,,,
,,,,,,,,
,,,,,,,,
,,,,,,,,
,,,,,,,,
,,,,,,,,
,,,,,,,,
,,,,,,,,
,,,,,,,,
,,,,,,,,
,,,,,,,,
,,,,,,,,
,,,,,,,,
,,,,,,,,
,,,,,,,,
,,,,,,,,
,,,,,,,,
,,,,,,,,
,,,,,,,,
,,,,,,,,
,,,,,,,,
,,,,,,,,
,,,,,,,,
,,,,,,,,
,,,,,,,,
,,,,,,,,
,,,,,,,,
,,,,,,,,
,,,,,,,,
,,,,,,,,
,,,,,,,,
,,,,,,,,
,,,,,,,,
,,,,,,,,
,,,,,,,,
,,,,,,,,
,,,,,,,,
,,,,,,,,
,,,,,,,,
,,,,,,,,
,,,,,,,,
,,,,,,,,
,,,,,,,,
,,,,,,,,
,,,,,,,,
,,,,,,,,
,,,,,,,,
,,,,,,,,
,,,,,,,,
,,,,,,,,
,,,,,,,,
,,,,,,,,
,,,,,,,,
,,,,,,,,
,,,,,,,,
,,,,,,,,
,,,,,,,,
,,,,,,,,
,,,,,,,,
,,,,,,,,
,,,,,,,,
,,,,,,,,
,,,,,,,,
,,,,,,,,
,,,,,,,,
,,,,,,,,
,,,,,,,,
,,,,,,,,
,,,,,,,,
,,,,,,,,
,,,,,,,,
,,,,,,,,
,,,,,,,,
,,,,,,,,
,,,,,,,,
,,,,,,,,
,,,,,,,,
,,,,,,,,
,,,,,,,,
,,,,,,,,
,,,,,,,,
,,,,,,,,
,,,,,,,,
,,,,,,,,
,,,,,,,,
,,,,,,,,
,,,,,,,,
,,,,,,,,
,,,,,,,,
,,,,,,,,
,,,,,,,,
,,,,,,,,
,,,,,,,,
,,,,,,,,
,,,,,,,,
,,,,,,,,
,,,,,,,,
,,,,,,,,
,,,,,,,,
,,,,,,,,
,,,,,,,,
,,,,,,,,
,,,,,,,,
,,,,,,,,
,,,,,,,,
,,,,,,,,
,,,,,,,,
,,,,,,,,
,,,,,,,,
,,,,,,,,
,,,,,,,,
,,,,,,,,
,,,,,,,,
,,,,,,,,
,,,,,,,,
,,,,,,,,
,,,,,,,,
,,,,,,,,
,,,,,,,,
,,,,,,,,
,,,,,,,,
,,,,,,,,
,,,,,,,,
,,,,,,,,
,,,,,,,,
,,,,,,,,
,,,,,,,,
,,,,,,,,
,,,,,,,,
,,,,,,,,
,,,,,,,,
,,,,,,,,
,,,,,,,,
,,,,,,,,
,,,,,,,,
,,,,,,,,
,,,,,,,,
,,,,,,,,
,,,,,,,,
,,,,,,,,
,,,,,,,,
,,,,,,,,
,,,,,,,,
,,,,,,,,
,,,,,,,,
,,,,,,,,
,,,,,,,,
,,,,,,,,
,,,,,,,,
,,,,,,,,
,,,,,,,,
,,,,,,,,
,,,,,,,,
,,,,,,,,
,,,,,,,,
,,,,,,,,
,,,,,,,,
,,,,,,,,
,,,,,,,,
,,,,,,,,
,,,,,,,,
,,,,,,,,
,,,,,,,,
,,,,,,,,
,,,,,,,,
,,,,,,,,
,,,,,,,,
,,,,,,,,
,,,,,,,,
,,,,,,,,
,,,,,,,,
,,,,,,,,
,,,,,,,,
,,,,,,,,
,,,,,,,,
,,,,,,,,
,,,,,,,,
,,,,,,,,
,,,,,,,,
,,,,,,,,
,,,,,,,,
,,,,,,,,
,,,,,,,,
,,,,,,,,
,,,,,,,,
,,,,,,,,
,,,,,,,,
,,,,,,,,
,,,,,,,,
,,,,,,,,
,,,,,,,,
,,,,,,,,
,,,,,,,,
,,,,,,,,
,,,,,,,,
,,,,,,,,
,,,,,,,,
,,,,,,,,
,,,,,,,,
,,,,,,,,
,,,,,,,,
,,,,,,,,
,,,,,,,,
,,,,,,,,
,,,,,,,,
,,,,,,,,
,,,,,,,,
,,,,,,,,
,,,,,,,,
,,,,,,,,
,,,,,,,,
,,,,,,,,
,,,,,,,,
,,,,,,,,
,,,,,,,,
,,,,,,,,
,,,,,,,,
,,,,,,,,
,,,,,,,,
,,,,,,,,
,,,,,,,,
,,,,,,,,
,,,,,,,,
,,,,,,,,
,,,,,,,,
,,,,,,,,
,,,,,,,,
,,,,,,,,
,,,,,,,,
,,,,,,,,
,,,,,,,,
,,,,,,,,
,,,,,,,,
,,,,,,,,
,,,,,,,,
,,,,,,,,
,,,,,,,,
,,,,,,,,
,,,,,,,,
,,,,,,,,
,,,,,,,,
,,,,,,,,
,,,,,,,,
,,,,,,,,
,,,,,,,,
,,,,,,,,
,,,,,,,,
,,,,,,,,
,,,,,,,,
,,,,,,,,
,,,,,,,,
,,,,,,,,
,,,,,,,,
,,,,,,,,
,,,,,,,,
,,,,,,,,
,,,,,,,,
,,,,,,,,
,,,,,,,,
,,,,,,,,
,,,,,,,,
,,,,,,,,
,,,,,,,,
,,,,,,,,
,,,,,,,,
,,,,,,,,
,,,,,,,,
,,,,,,,,
,,,,,,,,
,,,,,,,,
,,,,,,,,
,,,,,,,,
,,,,,,,,
,,,,,,,,
,,,,,,,,
,,,,,,,,
,,,,,,,,
,,,,,,,,
,,,,,,,,
,,,,,,,,
,,,,,,,,
,,,,,,,,
,,,,,,,,
,,,,,,,,
,,,,,,,,
,,,,,,,,
,,,,,,,,
,,,,,,,,
,,,,,,,,
,,,,,,,,
,,,,,,,,
,,,,,,,,
,,,,,,,,
,,,,,,,,
,,,,,,,,
,,,,,,,,
,,,,,,,,
,,,,,,,,
,,,,,,,,
,,,,,,,,
,,,,,,,,
,,,,,,,,
,,,,,,,,
,,,,,,,,
,,,,,,,,
,,,,,,,,
,,,,,,,,
,,,,,,,,
,,,,,,,,
,,,,,,,,
,,,,,,,,
,,,,,,,,
,,,,,,,,
,,,,,,,,
,,,,,,,,
,,,,,,,,
,,,,,,,,
,,,,,,,,
,,,,,,,,
,,,,,,,,
,,,,,,,,
,,,,,,,,
,,,,,,,,
,,,,,,,,
,,,,,,,,
,,,,,,,,
,,,,,,,,
,,,,,,,,
,,,,,,,,
,,,,,,,,
,,,,,,,,
,,,,,,,,
,,,,,,,,
,,,,,,,,
,,,,,,,,
,,,,,,,,
,,,,,,,,
,,,,,,,,
,,,,,,,,
,,,,,,,,
,,,,,,,,
,,,,,,,,
,,,,,,,,
,,,,,,,,
,,,,,,,,
,,,,,,,,
,,,,,,,,
,,,,,,,,
,,,,,,,,
,,,,,,,,
,,,,,,,,
,,,,,,,,
,,,,,,,,
,,,,,,,,
,,,,,,,,
,,,,,,,,
,,,,,,,,
,,,,,,,,
,,,,,,,,
,,,,,,,,
,,,,,,,,
,,,,,,,,
,,,,,,,,
,,,,,,,,
,,,,,,,,
,,,,,,,,
,,,,,,,,
,,,,,,,,
,,,,,,,,
,,,,,,,,
,,,,,,,,
,,,,,,,,
,,,,,,,,
,,,,,,,,
,,,,,,,,
,,,,,,,,
,,,,,,,,
,,,,,,,,
,,,,,,,,
,,,,,,,,
,,,,,,,,
,,,,,,,,
,,,,,,,,
,,,,,,,,
,,,,,,,,
,,,,,,,,
,,,,,,,,
,,,,,,,,
,,,,,,,,
,,,,,,,,
,,,,,,,,
,,,,,,,,
,,,,,,,,
,,,,,,,,
,,,,,,,,
,,,,,,,,
,,,,,,,,
,,,,,,,,
,,,,,,,,
,,,,,,,,
,,,,,,,,
,,,,,,,,
,,,,,,,,
,,,,,,,,
,,,,,,,,
,,,,,,,,
,,,,,,,,
,,,,,,,,
,,,,,,,,
,,,,,,,,
,,,,,,,,
,,,,,,,,
,,,,,,,,
,,,,,,,,
,,,,,,,,
,,,,,,,,
,,,,,,,,
,,,,,,,,
,,,,,,,,
,,,,,,,,
,,,,,,,,
,,,,,,,,
,,,,,,,,
,,,,,,,,
,,,,,,,,
,,,,,,,,
,,,,,,,,
,,,,,,,,
,,,,,,,,
,,,,,,,,
,,,,,,,,
,,,,,,,,
,,,,,,,,
,,,,,,,,
,,,,,,,,
,,,,,,,,
,,,,,,,,
,,,,,,,,
,,,,,,,,
,,,,,,,,
,,,,,,,,
,,,,,,,,
,,,,,,,,
,,,,,,,,
,,,,,,,,
,,,,,,,,
,,,,,,,,
,,,,,,,,
,,,,,,,,
,,,,,,,,
,,,,,,,,
,,,,,,,,
,,,,,,,,
,,,,,,,,
,,,,,,,,
,,,,,,,,
,,,,,,,,
,,,,,,,,
,,,,,,,,
,,,,,,,,
,,,,,,,,
,,,,,,,,
,,,,,,,,
,,,,,,,,
,,,,,,,,
,,,,,,,,
,,,,,,,,
,,,,,,,,
,,,,,,,,
,,,,,,,,
,,,,,,,,
,,,,,,,,
,,,,,,,,
,,,,,,,,
,,,,,,,,
,,,,,,,,
,,,,,,,,
,,,,,,,,
,,,,,,,,
,,,,,,,,
,,,,,,,,
,,,,,,,,
,,,,,,,,
,,,,,,,,
,,,,,,,,
,,,,,,,,
,,,,,,,,
,,,,,,,,
,,,,,,,,
,,,,,,,,
,,,,,,,,
,,,,,,,,
,,,,,,,,
,,,,,,,,
,,,,,,,,
,,,,,,,,
,,,,,,,,
,,,,,,,,
,,,,,,,,
,,,,,,,,
,,,,,,,,
,,,,,,,,
,,,,,,,,
,,,,,,,,
,,,,,,,,
,,,,,,,,
,,,,,,,,
,,,,,,,,
,,,,,,,,
,,,,,,,,
,,,,,,,,
,,,,,,,,
,,,,,,,,
,,,,,,,,
,,,,,,,,
,,,,,,,,
,,,,,,,,
,,,,,,,,
,,,,,,,,
,,,,,,,,
,,,,,,,,
,,,,,,,,
,,,,,,,,
,,,,,,,,
,,,,,,,,
,,,,,,,,
,,,,,,,,
,,,,,,,,
,,,,,,,,
,,,,,,,,
,,,,,,,,
,,,,,,,,
,,,,,,,,
,,,,,,,,
,,,,,,,,
,,,,,,,,
,,,,,,,,
,,,,,,,,
,,,,,,,,
,,,,,,,,
,,,,,,,,
,,,,,,,,
,,,,,,,,
,,,,,,,,
,,,,,,,,
,,,,,,,,
,,,,,,,,
,,,,,,,,
,,,,,,,,
,,,,,,,,
,,,,,,,,
,,,,,,,,
,,,,,,,,
,,,,,,,,
,,,,,,,,
,,,,,,,,
,,,,,,,,
,,,,,,,,
,,,,,,,,
,,,,,,,,
,,,,,,,,
,,,,,,,,
,,,,,,,,
,,,,,,,,
,,,,,,,,
,,,,,,,,
,,,,,,,,
,,,,,,,,
,,,,,,,,
,,,,,,,,
,,,,,,,,
,,,,,,,,
,,,,,,,,
,,,,,,,,
,,,,,,,,
,,,,,,,,
,,,,,,,,
,,,,,,,,
,,,,,,,,
,,,,,,,,
,,,,,,,,
,,,,,,,,
,,,,,,,,
,,,,,,,,
,,,,,,,,
,,,,,,,,
,,,,,,,,
,,,,,,,,
,,,,,,,,
,,,,,,,,
,,,,,,,,
,,,,,,,,
,,,,,,,,
,,,,,,,,
,,,,,,,,
,,,,,,,,
,,,,,,,,
,,,,,,,,
,,,,,,,,
,,,,,,,,
,,,,,,,,
,,,,,,,,
,,,,,,,,
,,,,,,,,
,,,,,,,,
,,,,,,,,
,,,,,,,,
,,,,,,,,
,,,,,,,,
,,,,,,,,
,,,,,,,,
,,,,,,,,
,,,,,,,,
,,,,,,,,
,,,,,,,,
,,,,,,,,
,,,,,,,,
,,,,,,,,
,,,,,,,,
,,,,,,,,
,,,,,,,,
,,,,,,,,
,,,,,,,,
,,,,,,,,
,,,,,,,,
,,,,,,,,
,,,,,,,,
,,,,,,,,
,,,,,,,,
,,,,,,,,
,,,,,,,,
,,,,,,,,
,,,,,,,,
,,,,,,,,
,,,,,,,,
,,,,,,,,
,,,,,,,,
,,,,,,,,
,,,,,,,,
,,,,,,,,
,,,,,,,,
,,,,,,,,
,,,,,,,,
,,,,,,,,
,,,,,,,,
,,,,,,,,
,,,,,,,,
,,,,,,,,
,,,,,,,,
,,,,,,,,
,,,,,,,,
,,,,,,,,
,,,,,,,,
,,,,,,,,
,,,,,,,,
,,,,,,,,
,,,,,,,,
,,,,,,,,
,,,,,,,,
,,,,,,,,
,,,,,,,,
,,,,,,,,
,,,,,,,,
,,,,,,,,
,,,,,,,,
,,,,,,,,
,,,,,,,,
,,,,,,,,
,,,,,,,,
,,,,,,,,
,,,,,,,,
,,,,,,,,
,,,,,,,,
,,,,,,,,
,,,,,,,,
,,,,,,,,
,,,,,,,,
,,,,,,,,
,,,,,,,,
,,,,,,,,
,,,,,,,,
,,,,,,,,
,,,,,,,,
,,,,,,,,
,,,,,,,,
,,,,,,,,
,,,,,,,,
,,,,,,,,
,,,,,,,,
,,,,,,,,
,,,,,,,,
,,,,,,,,
,,,,,,,,
,,,,,,,,
,,,,,,,,
,,,,,,,,
,,,,,,,,
,,,,,,,,
,,,,,,,,
,,,,,,,,
,,,,,,,,
,,,,,,,,
,,,,,,,,
,,,,,,,,
,,,,,,,,
,,,,,,,,
,,,,,,,,
,,,,,,,,
,,,,,,,,
,,,,,,,,
,,,,,,,,
,,,,,,,,
,,,,,,,,
,,,,,,,,
,,,,,,,,
,,,,,,,,
,,,,,,,,
,,,,,,,,
,,,,,,,,
,,,,,,,,
,,,,,,,,
,,,,,,,,
,,,,,,,,
,,,,,,,,
,,,,,,,,
,,,,,,,,
,,,,,,,,
,,,,,,,,
,,,,,,,,
,,,,,,,,
,,,,,,,,
,,,,,,,,
,,,,,,,,
,,,,,,,,
,,,,,,,,
,,,,,,,,
,,,,,,,,
,,,,,,,,
,,,,,,,,
,,,,,,,,
,,,,,,,,
,,,,,,,,
,,,,,,,,
,,,,,,,,
,,,,,,,,
,,,,,,,,
,,,,,,,,
,,,,,,,,
,,,,,,,,
,,,,,,,,
,,,,,,,,
,,,,,,,,
,,,,,,,,
,,,,,,,,
,,,,,,,,
,,,,,,,,
,,,,,,,,
,,,,,,,,
,,,,,,,,
,,,,,,,,
,,,,,,,,
,,,,,,,,
,,,,,,,,
,,,,,,,,
,,,,,,,,
,,,,,,,,
,,,,,,,,
,,,,,,,,
,,,,,,,,
,,,,,,,,
,,,,,,,,
,,,,,,,,
,,,,,,,,
,,,,,,,,
,,,,,,,,
,,,,,,,,
,,,,,,,,
,,,,,,,,
,,,,,,,,
,,,,,,,,
,,,,,,,,
,,,,,,,,
,,,,,,,,
,,,,,,,,
,,,,,,,,
,,,,,,,,
,,,,,,,,
,,,,,,,,
,,,,,,,,
,,,,,,,,
,,,,,,,,
,,,,,,,,
,,,,,,,,
,,,,,,,,
,,,,,,,,
,,,,,,,,
,,,,,,,,
,,,,,,,,
,,,,,,,,
,,,,,,,,
,,,,,,,,
,,,,,,,,
,,,,,,,,
,,,,,,,,
,,,,,,,,
,,,,,,,,
,,,,,,,,
,,,,,,,,
,,,,,,,,
,,,,,,,,
,,,,,,,,
,,,,,,,,
,,,,,,,,
,,,,,,,,
,,,,,,,,
,,,,,,,,
,,,,,,,,
,,,,,,,,
,,,,,,,,
,,,,,,,,
,,,,,,,,
,,,,,,,,
,,,,,,,,
,,,,,,,,
,,,,,,,,
,,,,,,,,
,,,,,,,,
,,,,,,,,
,,,,,,,,
,,,,,,,,
,,,,,,,,
,,,,,,,,
,,,,,,,,
,,,,,,,,
,,,,,,,,
,,,,,,,,
,,,,,,,,
,,,,,,,,
,,,,,,,,
,,,,,,,,
,,,,,,,,
,,,,,,,,
,,,,,,,,
,,,,,,,,
,,,,,,,,
,,,,,,,,
,,,,,,,,
,,,,,,,,
,,,,,,,,
,,,,,,,,
,,,,,,,,
,,,,,,,,
,,,,,,,,
,,,,,,,,
,,,,,,,,
,,,,,,,,
,,,,,,,,
,,,,,,,,
,,,,,,,,
,,,,,,,,
,,,,,,,,
,,,,,,,,
,,,,,,,,
,,,,,,,,
,,,,,,,,
,,,,,,,,
,,,,,,,,
,,,,,,,,
,,,,,,,,
,,,,,,,,
,,,,,,,,
,,,,,,,,
,,,,,,,,
,,,,,,,,
,,,,,,,,
,,,,,,,,
,,,,,,,,
,,,,,,,,
,,,,,,,,
,,,,,,,,
,,,,,,,,
,,,,,,,,
,,,,,,,,
,,,,,,,,
,,,,,,,,
,,,,,,,,
,,,,,,,,
,,,,,,,,
,,,,,,,,
,,,,,,,,
,,,,,,,,
,,,,,,,,
,,,,,,,,
,,,,,,,,
,,,,,,,,
,,,,,,,,
,,,,,,,,
,,,,,,,,
,,,,,,,,
,,,,,,,,
,,,,,,,,
,,,,,,,,
,,,,,,,,
,,,,,,,,
,,,,,,,,
,,,,,,,,
,,,,,,,,
,,,,,,,,
,,,,,,,,
,,,,,,,,
,,,,,,,,
,,,,,,,,
,,,,,,,,
,,,,,,,,
,,,,,,,,
,,,,,,,,
,,,,,,,,
,,,,,,,,
,,,,,,,,
,,,,,,,,
,,,,,,,,
,,,,,,,,
,,,,,,,,
,,,,,,,,
,,,,,,,,
,,,,,,,,
,,,,,,,,
,,,,,,,,
,,,,,,,,
,,,,,,,,
,,,,,,,,
,,,,,,,,
,,,,,,,,
,,,,,,,,
,,,,,,,,
,,,,,,,,
,,,,,,,,
,,,,,,,,
,,,,,,,,
,,,,,,,,
,,,,,,,,
,,,,,,,,
,,,,,,,,
,,,,,,,,
,,,,,,,,
,,,,,,,,
,,,,,,,,
,,,,,,,,
,,,,,,,,
,,,,,,,,
,,,,,,,,
,,,,,,,,
,,,,,,,,
,,,,,,,,
,,,,,,,,
,,,,,,,,
,,,,,,,,
,,,,,,,,
,,,,,,,,
,,,,,,,,
,,,,,,,,
,,,,,,,,
,,,,,,,,
,,,,,,,,
,,,,,,,,
,,,,,,,,
,,,,,,,,
,,,,,,,,
,,,,,,,,
,,,,,,,,
,,,,,,,,
,,,,,,,,
,,,,,,,,
,,,,,,,,
,,,,,,,,
,,,,,,,,
,,,,,,,,
,,,,,,,,
,,,,,,,,
,,,,,,,,
,,,,,,,,
,,,,,,,,
,,,,,,,,
,,,,,,,,
,,,,,,,,
,,,,,,,,
,,,,,,,,
,,,,,,,,
,,,,,,,,
,,,,,,,,
,,,,,,,,
,,,,,,,,
,,,,,,,,
,,,,,,,,
,,,,,,,,
,,,,,,,,
,,,,,,,,
,,,,,,,,
,,,,,,,,
,,,,,,,,
,,,,,,,,
,,,,,,,,
,,,,,,,,
,,,,,,,,
,,,,,,,,
,,,,,,,,
,,,,,,,,
,,,,,,,,
,,,,,,,,
,,,,,,,,
,,,,,,,,
,,,,,,,,
,,,,,,,,
,,,,,,,,
,,,,,,,,
,,,,,,,,
,,,,,,,,
,,,,,,,,
,,,,,,,,
,,,,,,,,
,,,,,,,,
,,,,,,,,
,,,,,,,,
,,,,,,,,
,,,,,,,,
,,,,,,,,
,,,,,,,,
,,,,,,,,
,,,,,,,,
,,,,,,,,
,,,,,,,,
,,,,,,,,
,,,,,,,,
,,,,,,,,
,,,,,,,,
,,,,,,,,
,,,,,,,,
,,,,,,,,
,,,,,,,,
,,,,,,,,
,,,,,,,,
,,,,,,,,
,,,,,,,,
,,,,,,,,
,,,,,,,,
,,,,,,,,
,,,,,,,,
,,,,,,,,
,,,,,,,,
,,,,,,,,
,,,,,,,,
,,,,,,,,
,,,,,,,,
,,,,,,,,
,,,,,,,,
,,,,,,,,
,,,,,,,,
,,,,,,,,
,,,,,,,,
,,,,,,,,
,,,,,,,,
,,,,,,,,
,,,,,,,,
,,,,,,,,
,,,,,,,,
,,,,,,,,
,,,,,,,,
,,,,,,,,
,,,,,,,,
,,,,,,,,
,,,,,,,,
,,,,,,,,
,,,,,,,,
,,,,,,,,
,,,,,,,,
,,,,,,,,
,,,,,,,,
,,,,,,,,
,,,,,,,,
,,,,,,,,
,,,,,,,,
,,,,,,,,
,,,,,,,,
,,,,,,,,
,,,,,,,,
,,,,,,,,
,,,,,,,,
,,,,,,,,
,,,,,,,,
,,,,,,,,
,,,,,,,,
,,,,,,,,
,,,,,,,,
,,,,,,,,
,,,,,,,,
,,,,,,,,
,,,,,,,,
,,,,,,,,
,,,,,,,,
,,,,,,,,
,,,,,,,,
,,,,,,,,
,,,,,,,,
,,,,,,,,
,,,,,,,,
,,,,,,,,
,,,,,,,,
,,,,,,,,
,,,,,,,,
,,,,,,,,
,,,,,,,,
,,,,,,,,
,,,,,,,,
,,,,,,,,
,,,,,,,,
,,,,,,,,
,,,,,,,,
,,,,,,,,
,,,,,,,,
,,,,,,,,
,,,,,,,,
,,,,,,,,
,,,,,,,,
,,,,,,,,
,,,,,,,,
,,,,,,,,
,,,,,,,,
,,,,,,,,
,,,,,,,,
,,,,,,,,
,,,,,,,,
,,,,,,,,
,,,,,,,,
,,,,,,,,
,,,,,,,,
,,,,,,,,
,,,,,,,,
,,,,,,,,
,,,,,,,,
,,,,,,,,
,,,,,,,,
,,,,,,,,
,,,,,,,,
,,,,,,,,
,,,,,,,,
,,,,,,,,
,,,,,,,,
,,,,,,,,
,,,,,,,,
,,,,,,,,
,,,,,,,,
,,,,,,,,
,,,,,,,,
,,,,,,,,
,,,,,,,,
,,,,,,,,
,,,,,,,,
,,,,,,,,
,,,,,,,,
,,,,,,,,
,,,,,,,,
,,,,,,,,
,,,,,,,,
,,,,,,,,
,,,,,,,,
,,,,,,,,
,,,,,,,,
,,,,,,,,
,,,,,,,,
,,,,,,,,
,,,,,,,,
,,,,,,,,
,,,,,,,,
,,,,,,,,
,,,,,,,,
,,,,,,,,
,,,,,,,,
,,,,,,,,
,,,,,,,,
,,,,,,,,
,,,,,,,,
,,,,,,,,
,,,,,,,,
,,,,,,,,
,,,,,,,,
,,,,,,,,
,,,,,,,,
,,,,,,,,
,,,,,,,,
,,,,,,,,
,,,,,,,,
,,,,,,,,
,,,,,,,,
,,,,,,,,
,,,,,,,,
,,,,,,,,
,,,,,,,,
,,,,,,,,
,,,,,,,,
,,,,,,,,
,,,,,,,,
,,,,,,,,
,,,,,,,,
,,,,,,,,
,,,,,,,,
,,,,,,,,
,,,,,,,,
,,,,,,,,
,,,,,,,,
,,,,,,,,
,,,,,,,,
,,,,,,,,
,,,,,,,,
,,,,,,,,
,,,,,,,,
,,,,,,,,
,,,,,,,,
,,,,,,,,
,,,,,,,,
,,,,,,,,
,,,,,,,,
,,,,,,,,
,,,,,,,,
,,,,,,,,
,,,,,,,,
,,,,,,,,
,,,,,,,,
,,,,,,,,
,,,,,,,,
,,,,,,,,
,,,,,,,,
,,,,,,,,
,,,,,,,,
,,,,,,,,
,,,,,,,,
,,,,,,,,
,,,,,,,,
,,,,,,,,
,,,,,,,,
,,,,,,,,
,,,,,,,,
,,,,,,,,
,,,,,,,,
,,,,,,,,
,,,,,,,,
,,,,,,,,
,,,,,,,,
,,,,,,,,
,,,,,,,,
,,,,,,,,
,,,,,,,,
,,,,,,,,
,,,,,,,,
,,,,,,,,
,,,,,,,,
,,,,,,,,
,,,,,,,,
,,,,,,,,
,,,,,,,,
,,,,,,,,
,,,,,,,,
,,,,,,,,
,,,,,,,,
,,,,,,,,
,,,,,,,,
,,,,,,,,
,,,,,,,,
,,,,,,,,
,,,,,,,,
,,,,,,,,
,,,,,,,,
,,,,,,,,
,,,,,,,,
,,,,,,,,
,,,,,,,,
,,,,,,,,
,,,,,,,,
,,,,,,,,
,,,,,,,,
,,,,,,,,
,,,,,,,,
,,,,,,,,
,,,,,,,,
,,,,,,,,
,,,,,,,,
,,,,,,,,
,,,,,,,,
,,,,,,,,
,,,,,,,,
,,,,,,,,
,,,,,,,,
,,,,,,,,
,,,,,,,,
,,,,,,,,
,,,,,,,,
,,,,,,,,
,,,,,,,,
,,,,,,,,
,,,,,,,,
,,,,,,,,
,,,,,,,,
,,,,,,,,
,,,,,,,,
,,,,,,,,
,,,,,,,,
,,,,,,,,
,,,,,,,,
,,,,,,,,
,,,,,,,,
,,,,,,,,
,,,,,,,,
,,,,,,,,
,,,,,,,,
,,,,,,,,
,,,,,,,,
,,,,,,,,
,,,,,,,,
,,,,,,,,
,,,,,,,,
,,,,,,,,
,,,,,,,,
,,,,,,,,
,,,,,,,,
,,,,,,,,
,,,,,,,,
,,,,,,,,
,,,,,,,,
,,,,,,,,
,,,,,,,,
,,,,,,,,
,,,,,,,,
