Date Identified,Backlink Sites,Category,Process,Domain Authority,Domain Source,Source URL,Follow Flag,Added By,Remarks,Index
7/21/2018,https://www.tumblr.com/,Web 2.0 ,Recurring,100,,,Dofollow,Existing,,Yes
7/21/2018,http://sites.google.com,Web 2.0 ,Recurring,100,,,Dofollow,Existing,,Yes
7/21/2018,https://answers.yahoo.com/,Q&A,Recurring,100,,,Nofollow,Existing,,Yes
7/21/2018,https://www.facebook.com,Local Listing,One Time,100,,,Dofollow,Existing,,Yes
7/21/2018,https://business.google.com,Local Listing,One Time,100,,,Dofollow,Existing,,Yes
7/21/2018,https://smallbusiness.yahoo.com,Local Listing,One Time,100,,,Nofollow,Existing,,Yes
12/8/2017,https://blog.roku.com/,Blog Commenting,One Time,100,,,Dofollow,Existing,,
12/8/2017,http://variety.com/,Blog Commenting,One Time,100,,,Dofollow,Existing,,
12/8/2017,https://www.wecutcable.com/roku-streaming-stick-review/,Blog Commenting,One Time,100,,,Dofollow,Existing,,
12/8/2017,http://www.thetvaddict.com,Blog Commenting,One Time,100,,,Dofollow,Existing,,
2/5/2018,https://profile.wordpress.org,Profile Creation,One Time,100,,,Indexed and Nofollow,Mohana,,
7/21/2018,http://wordpress.com/,Web 2.0 ,Recurring,99,,,Dofollow,Existing,,Yes
7/21/2018,https://www.reddit.com/,Bookmarking,Recurring,99,,,Dofollow,Existing,,Yes
7/21/2018,https://www.flickr.com/,Image Sharing,Recurring,99,,,Nofollow,Existing,,Yes
12/9/2017,https://freetvforme.wordpress.com/2015/02/16/what-roku-fanboys-stream/,Blog Commenting,One Time,99,,,Dofollow,Jaseeba,,
7/21/2018,http://stumbleupon.com/,Bookmarking,Recurring,98,,,Dofollow,Existing,,Yes
2/1/2018,https://vk.com/,Profile Creation,One Time,98,,,,Mohana,Profile creation/like social media profile,
7/21/2018,https://disqus.com/,Profile Creation,One Time,97,,,Nofollow,Existing,,Yes
12/8/2017,http://www.sweptawaytv.com,Blog Commenting,One Time,97,,,Dofollow,Existing,,
7/21/2018,http://www.slideshare.net/,Document Sharing,Recurring,96,,,Dofollow,Existing,,Yes
1/10/2018,https://www.goodreads.com/,Profile Creation,One Time,96,,,,Existing,,
7/21/2018,https://www.yelp.com,Local Listing,One Time,95,,,Nofollow,Existing,,Yes
12/28/2017,http://www.mapquest.com/,Local Listing,One Time,95,,,,Existing,,
12/8/2017,https://www.howtogeek.com/,Blog Commenting,One Time,95,,,Dofollow,Existing,,
2/2/2018,dribbble.com,Profile Creation,One Time,95,,,,Mohana,,
2/9/2018,soundcloud.com,Podcast,Recurring,95,,,,Mohana,,
7/21/2018,https://www.weebly.com/,Web 2.0 ,Recurring,94,,,Dofollow,Existing,,Yes
7/21/2018,https://medium.com/,Web 2.0 ,Recurring,94,,,Dofollow,Existing,,Yes
7/21/2018,https://issuu.com,Document Sharing,Recurring,94,,,Dofollow,Existing,,Yes
1/23/2018,https://getpocket.com/,Web 2.0 ,Recurring,94,,,,Mohana,,
7/21/2018,https://www.behance.net/,Image Sharing,Recurring,94,,,Dofollow,Mohana,,
2/26/2018,https://www.openstreetmap.org,Profile Creation,One Time,94,,,,Mohana,,
7/21/2018,http://wix.com,Web 2.0 ,Recurring,93,,,Dofollow,Existing,,Yes
7/21/2018,http://bravenet.com/,Web 2.0 ,Recurring,93,,,Dofollow,Existing,,Yes
7/21/2018,https://imgur.com/,Image Sharing,Recurring,93,,,Nofollow,Existing,,Yes
12/8/2017,http://digitalgeekreviews.blogspot.com/,Blog Commenting,One Time,93,,,Dofollow,Existing,,
12/11/2017,https://stackoverflow.com/,Q&A,Recurring,93,,,,Existing,,
1/25/2018,https://www.houzz.com/,Profile Creation,One Time,93,,,,Existing,,
12/8/2017,http://www.angelfire.lycos.com/howto/blog/index.tmpl,Web 2.0 ,Recurring,92,,,Dofollow,Soni,,Yes
12/8/2017,https://www.cnet.com,Blog Commenting,One Time,92,,,Dofollow,Existing,,
12/12/2017,https://unsplash.com/,Image Sharing,Recurring,92,,,,Kalaiyarasi,,
1/24/2018,https://www.twitch.tv,Video Sharing,Recurring,92,,,Indexed,Existing,,
2/2/2018,https://www.zillow.com,Profile Creation,One Time,92,,,,Mohana,,
2/2/2018,https://www.meetup.com,Profile Creation,One Time,92,,,,Mohana,,
2/5/2018,https://discussion.evernote.com,Local Listing,Recurring,92,,,Indexed and Nofollow,Mohana,profile creation/forum commenting,
7/21/2018,https://about.me/,Local Listing,One Time,91,,,Dofollow,Existing,,Yes
1/9/2018,https://orcid.org,Profile Creation,One Time,91,,,Nofollow,Mohana,,
1/29/2018,https://www.reverbnation.com/,Video Sharing,Recurring,91,,,Indexed and Nofollow,Jaseeba,,
1/31/2018,https://bitbucket.org,Profile Creation,One Time,91,,,,Existing,,
2/13/2018,https://www.theverge.com,Profile Creation,Recurring,91,,,,Mohana,,
2/13/2018,https://arstechnica.com,Blog Commenting,Recurring,91,,,,Mohana,,
7/21/2018,http://blogspot.com,Web 2.0 ,Recurring,90,,,Dofollow,Existing,,Yes
7/21/2018,http://www.scoop.it/,Bookmarking,Recurring,90,,,Dofollow,Existing,,Yes
12/30/2017,https://news.ycombinator.com/,Bookmarking,Recurring,90,,,Nofollow,Existing,,Yes
7/21/2018,https://www.quora.com/,Q&A,Recurring,90,,,Dofollow,Existing,,Yes
7/21/2018,http://www.yellowpages.com/,Local Listing,One Time,90,,,Nofollow,Existing,,Yes
12/8/2017,http://kinata09.blogspot.com/,Blog Commenting,One Time,90,,,Dofollow,Existing,,
12/8/2017,https://hd-report.com/2017/05/13/,Blog Commenting,One Time,90,,,Dofollow,Existing,,
12/8/2017,http://rokuhowto.blogspot.com/2013/01/the-dreaded-error-code-014-solution-1.html,Blog Commenting,One Time,90,,,Dofollow,Existing,,
7/21/2018,trello.com,Profile Creation,One Time,90,,,,Existing,,
1/25/2018,https://flipboard.com/,Web 2.0,Recurring,90,,,,Existing,,
1/30/2018,https://www.deviantart.com,Profile Creation,Recurring,90,,,,Mohana,,
2/3/2018,mixcloud.com,Web 2.0 ,Recurring,90,,,,Mohana,profile creation/video,
7/21/2018,https://fc2.com/,Web 2.0 ,Recurring,89,,,Dofollow,Existing,,Yes
7/21/2018,yola.com/,Web 2.0 ,One Time,89,,,Dofollow,Existing,,
7/21/2018,https://business.angieslist.com,Local Listing,One Time,89,,,,Existing,,
1/24/2018,https://www.createspace.com/,Profile Creation,Recurring,89,,,Indexed and Nofollow,Existing,,
1/31/2018,https://slack.com/,,One Time,89,,,,Existing,,
7/21/2018,https://www.diigo.com,,Recurring,88,,,Dofollow,Existing,,Yes
12/8/2017,http://hubpages.com/,,Recurring,88,,,Nofollow,Ramya K,,
1/2/2018,https://www.zotero.org/,,One Time,88,,,,Existing,,
7/21/2018,http://www.city-data.com,,One Time,87,,,Dofollow,Existing,,Yes
2/26/2018,https://id.arduino.cc,,One Time,87,,,,Mohana,,
2/26/2018,http://www.sbnation.com,,One Time,87,,,,Mohana,,
12/18/2017,https://www.strikingly.com/,,Recurring,86,,,Dofollow,Existing,,Yes
7/21/2018,https://visual.ly,,Recurring,86,,,Nofollow,Existing,,Yes
1/23/2018,https://infogram.com,,Recurring,86,,,,Mohana,,
1/29/2018,https://flattr.com/,,One Time,86,,,Indexed and Nofollow,Jaseeba,,
2/15/2018,https://readthedocs.org,,One Time,86,,,,Mohana,,
12/12/2017,https://www.instapaper.com/,,Recurring,85,,,Dofollow,Sangavi,,
12/28/2017,https://www.boredpanda.com,,Recurring,85,,,Nofollow,Existing,,Yes
7/21/2018,https://www.4shared.com,,Recurring,85,,,Dofollow,Existing,,Yes
12/11/2017,https://www.podbean.com,,Recurring,85,,,,Existing,,
2/1/2018,https://answers.avira.com/,,Recurring,85,,,,Mohana,,
2/5/2018,https://community.norton.com,,Recurring,85,,,,Mohana,,
2/5/2018,https://www.couchsurfing.com,,One Time,85,,,,Mohana,,
7/21/2018,http://www.manta.com/,,One Time,84,,,Nofollow,Existing,,Yes
7/21/2018,http://www.superpages.com/,,One Time,84,,,,Existing,,
2/3/2018,audioboom.com,,One Time,84,,,,Mohana,,
12/29/2017,https://www.techdirt.com,,Recurring,83,,,Dofollow,Existing,,
12/8/2017,https://dzone.com/,,Recurring,83,,,Nofollow,Ramya K,,
7/21/2018,https://www.thumbtack.com/,,One Time,83,,,Nofollow,Existing,,Yes
1/11/2018,https://sketchfab.com/,,One Time,83,,,,Existing,,
12/20/2017,edublogs.org/,,Recurring,83,,,,Mohana,,
7/21/2018,http://www.merchantcircle.com/,,One Time,83,,,Nofollow,Existing,,
2/5/2018,https://updates.easycounter.com,,One Time,83,,,,Mohana,,
2/6/2018,https://www.trustpilot.com/,,One Time,83,,,,Existing,create user account and put review on our website,
7/21/2018,https://www.podomatic.com,,Recurring,82,,,Dofollow,Existing,,Yes
12/8/2017,http://www.makeuseof.com,,One Time,82,,,Dofollow,Existing,,
12/8/2017,https://www.wired.com/,,One Time,82,,,Dofollow,Existing,,
12/8/2017,https://www.ifixit.com/,,One Time,82,,,Dofollow,Existing,,
2/2/2018,https://www.producthunt.com/,,One Time,82,,,,Mohana,,
2/8/2018,http://skyrock.com/,,Recurring,82,,,Indexed and Nofollow,Existing,,
7/21/2018,https://kinja.com/,,Recurring,81,,,Dofollow,Existing,,Yes
7/21/2018,http://www.pearltrees.com/,,Recurring,81,,,Dofollow,Existing,,Yes
12/8/2017,https://www.youtube.com,,One Time,81,,,Dofollow,Existing,,
12/9/2017,https://blog.roku.com/the-best-free-roku-channels-according-our-customers,,One Time,81,,,,Existing,,
2/27/2018,https://www.atlasobscura.com,,One Time,81,,,,Mohana,,
7/21/2018,https://www.spreaker.com,,Recurring,80,,,Nofollow,Existing,,Yes
12/30/2017,http://www.break.com/,,Recurring,80,,,,Existing,,
12/15/2017,http://www.cheezburger.com/,,Recurring,80,,,Indexed and Nofollow,Existing,,
2/14/2018,https://www.ifixit.com,,Recurring,80,,,,Mohana,,
7/21/2018,https://piktochart.com/,,Recurring,79,,,Nofollow,Existing,,Yes
12/16/2017,https://stackexchange.com,,Recurring,79,,,,Existing,,
2/1/2018,https://www.merlot.org,,One Time,79,,,,Mohana,,
7/21/2018,https://www.smore.com,,One Time,78,,,Nofollow,Existing,,Yes
12/30/2017,http://www.veoh.com/,,Recurring,78,,,,Existing,,
12/20/2017,https://www.oodle.com/,,Recurring,78,,,,Existing,,
2/1/2018,https://creativemarket.com,,One Time,78,,,,Mohana,,
12/16/2017,dynadot.com,,Recurring,78,,,Indexed and Nofollow,Existing,,
1/5/2018,https://www.eklablog.com/,,Recurring,78,,,Indexed and Nofollow,Existing,,
7/21/2018,https://www.jimdo.com/,,Recurring,77,,,Dofollow,Existing,,Yes
12/21/2017,https://ello.co/,,One Time,77,,,Dofollow,Existing,,Yes
12/12/2017,https://imgbb.com/,,Recurring,77,,,,Kalaiyarasi,,
12/23/2017,http://rhizome.org/,,One Time,77,,,,Existing,,
1/27/2018,https://newsstand.joomag.com/,,Recurring,77,,,,Existing,,
12/11/2017,https://superuser.com/,,Recurring,76,,,,Existing,,
12/8/2017,http://internettvdotcom.com,,One Time,76,,,,Existing,,
1/24/2018,https://www.website.com,,One Time,76,,,Indexed and Nofollow,Existing,,
1/29/2018,https://www.webself.net/,,Recurring,76,,,Indexed and Nofollow,Jaseeba,,
2/1/2018,https://www.spreadshirt.com,,One Time,76,,,,Mohana,,
7/21/2018,https://8tracks.com,,One Time,75,,,Nofollow,Existing,,Yes
12/20/2017,http://www.feedspot.com/,,One Time,75,,,,Existing,,
1/16/2018,http://cityinsider.com,,One Time,75,,,,Mohana,,
12/30/2017,www.ebaumsworld.com/,,Recurring,74,,,,Existing,,
1/29/2018,http://www.adsoftheworld.com/,,Recurring,74,,,Indexed and Nofollow,Jaseeba,,
12/9/2017,https://www.kiwibox.com/,,Recurring,73,,,Dofollow,Praba,,Yes
1/11/2018,http://www.magcloud.com/,,Recurring,73,,,,Existing,,
1/17/2018,https://the570.partners.local.com/,,One Time,73,,,,Mohana,,
1/20/2018,https://www.freeindex.co.uk,,One Time,73,,,,Mohana,,
1/25/2018,http://slides.com/,,One Time,73,,,,Existing,,
1/29/2018,http://club.dx.com/forums/search?wd=roku&SearchForumID=All,,Recurring,73,,,,Jaseeba,,
7/21/2018,https://gust.com,,One Time,72,,,Dofollow,Existing,,Yes
12/11/2017,https://www.kudzu.com/,,One Time,72,,,,Existing,,
12/19/2017,https://justpaste.it/,,Recurring,72,,,Dofollow,Existing,,
1/23/2018,http://www.simplesite.com/,,Recurring,72,,,,Mohana,,
1/24/2018,http://www.dead.net/,,One Time,72,,,Indexed and Nofollow,Existing,,
2/12/2018,https://exposure.co,,One Time,72,,,,Mohana,,
2/27/2018,https://www.rockethub.com/,,One Time,72,,,,Mohana,,
7/21/2018,https://www.minds.com,,Recurring,71,,,Dofollow,Existing,,Yes
7/21/2018,http://www.spoke.com/,,One Time,71,,,Nofollow,Existing,,Yes
12/23/2017,http://www.mobypicture.com/,,One Time,71,,,,Existing,,
12/30/2017,https://www.godtube.com/,,Recurring,71,,,,Existing,,
1/24/2018,http://tilda.cc/,,One Time,71,,,Indexed and Nofollow,Existing,,
7/21/2018,https://list.ly/,,One Time,71,,,Indexed and Nofollow,Existing,,
2/1/2018,https://venngage.com/,,One Time,71,,,,Mohana,,
2/1/2018,https://www.viki.com,,One Time,71,,,,Mohana,,
2/3/2018,https://www.dreamwidth.org/,,One Time,71,,,,Mohana,,
2/13/2018,https://www.chroniclelive.co.uk/,,Recurring,71,,,,Mohana,,
7/21/2018,https://secure.botw.org/,,One Time,70,,,Nofollow,Existing,,Yes
12/9/2017,http://tampa.worldstuffer.com,,Recurring,70,,,,Kalaiyarasi,,
12/21/2017,https://webflow.com,,Recurring,70,,,Dofollow,Existing,,
1/24/2018,https://myanimelist.net/,,Recurring,70,,,Indexed and Nofollow,Existing,Profile Creation,
7/21/2018,https://jigsy.com,,Recurring,69,,,Dofollow,Existing,,Yes
12/8/2017,http://www.webstarts.com/,,Recurring,69,,,Dofollow,Existing,,Yes
12/28/2017,https://www.playbuzz.com/Story,Profile Creation,One Time,69,,,Nofollow,Existing,Profile Creation,Yes
7/21/2018,http://www.dexknows.com/,,One Time,69,,,Dofollow,Existing,,Yes
1/27/2018,https://designshack.net/,,One Time,69,,,Indexed and Nofollow,Existing,,
2/3/2018,https://www.hackster.io,,One Time,69,,,,Mohana,,
12/20/2017,doodlekit.com/,,Recurring,68,,,Dofollow,Existing,,Yes
12/8/2017,http://www.bizsugar.com/,,Recurring,68,,,Nofollow,Praba,,
12/20/2017,http://www.yellowbot.com/,,One Time,68,,,,Existing,,
12/8/2017,http://gigablast.com,,One Time,68,,,Dofollow,Soni,,
12/16/2017,http://www.linkmarket.net/,,One Time,68,,,Dofollow,Existing,,
12/20/2017,http://vizualize.me/,,One Time,68,,,,Existing,,
7/21/2018,http://www.americantowns.com,,One Time,68,,,Dofollow,Existing,,
12/16/2017,https://inbound.org/,,One Time,68,,,,Existing,,
1/16/2018,http://www.exactseek.com/,,One Time,68,,,,Mohana,,
12/8/2017,https://ting.com/,,One Time,67,,,Dofollow,Existing,,
1/24/2018,http://sur.ly,,One Time,67,,,,Existing,,
1/29/2018,https://logopond.com/,,One Time,67,,,Indexed and Nofollow,Jaseeba,,
2/12/2018,http://miarroba.com,,Recurring,67,,,,Mohana,,
2/14/2018,http://n4g.com,,One Time,67,,,,Mohana,,
7/21/2018,http://www.soup.io/,,Recurring,66,,,Dofollow,Existing,,no
7/21/2018,http://www.hotfrog.com,,One Time,66,,,Nofollow,Existing,,Yes
7/21/2018,http://www.2findlocal.com/,,One Time,66,,,Nofollow,Existing,,Yes
12/11/2017,https://app.site123.com/,,Recurring,66,,,Dofollow,Existing,,
2/1/2018,https://www.ryze.com,,One Time,66,,,,Mohana,,
2/3/2018,https://www.tetongravity.com/,,One Time,66,,,Indexed and Nofollow,Mohana,,
2/14/2018,https://community.nowtv.com/,,Recurring,66,,,,Mohana,,
7/21/2018,https://atavist.com/,,Recurring,65,,,Dofollow,Existing,,Yes
12/23/2017,https://www.portfoliobox.net/,,Recurring,65,,,,Existing,,dofollow
12/19/2017,http://www.beep.com/,,Recurring,65,,,Dofollow,Existing,,
12/20/2017,https://carbonmade.com/,,Recurring,65,,,,Existing,,
1/20/2018,http://www.thomsonlocal.com/,,One Time,65,,,,Mohana,,
1/30/2018,https://www.voog.com/,,Recurring,65,,,,Mohana,,
12/19/2017,pen.io,,Recurring,64,,,Dofollow,Existing,,Yes
7/21/2018,http://www.bizcommunity.com/,,One Time,64,,,Nofollow,Existing,,Yes
1/18/2018,http://www.thebluebook.com/,,One Time,64,,,,Mohana,,
2/3/2018,https://www.younow.com/,,One Time,64,,,,Mohana,,
7/21/2018,http://www.brownbook.net/,,One Time,63,,,Nofollow,Existing,,Yes
1/12/2018,https://localstack.com,,One Time,63,,,,Existing,,
12/30/2017,https://www.disclose.tv/,,Recurring,63,,,,Existing,,
12/9/2017,http://www.apsense.com,,Recurring,63,,,,Praba,,
1/20/2018,https://www.uksmallbusinessdirectory.co.uk,,One Time,63,,,,Mohana,,
7/21/2018,http://www.slideboom.com/,,Recurring,62,,,Dofollow,Existing,,Yes
7/21/2018,http://www.elocal.com/,,One Time,62,,,Nofollow,Existing,,Yes
7/21/2018,http://vator.tv/,,One Time,62,,,Nofollow,Existing,,Yes
7/21/2018,www.edocr.com,,Recurring,61,,,Dofollow,Existing,,Yes
7/21/2018,http://tupalo.com/,,One Time,61,,,Nofollow,Existing,,Yes
7/21/2018,https://www.ibegin.com,,One Time,61,,,Dofollow,Existing,,Yes
7/21/2018,https://www.bark.com/,Profile Creation,One Time,61,,,,Existing,,
1/16/2018,https://www.alignable.com,,One Time,61,,,,Mohana,,
2/3/2018,http://us.blastingnews.com/,,Recurring,61,,,,Mohana,,
7/21/2018,http://spruz.com/,,Recurring,60,,,Dofollow,Existing,,Yes
7/21/2018,http://www.linkcentre.com/,,One Time,60,,,Dofollow,Existing,,Yes
1/17/2018,https://www.longisland.com,,One Time,60,,,,Mohana,,
12/27/2017,http://www.23hq.com/,,Recurring,60,,,Nofollow,Mohana,,
12/30/2017,http://www.mefeedia.com/,,Recurring,59,,,,Existing,,
2/5/2018,https://triberr.com,,One Time,59,,,Indexed and Nofollow,Mohana,,
12/20/2017,http://bcz.com,,Recurring,58,,,Dofollow,Existing,,Yes
1/3/2018,http://sbm14.16mb.com,,Recurring,58,,,Nofollow,Existing,,
7/21/2018,http://www.showmelocal.com,,One Time,58,,,Nofollow,Existing,,Yes
1/6/2018,https://us.all.biz/,,One Time,58,,,,Mohana,,
1/10/2018,https://www.wordofmouth.com.au,,One Time,58,,,,Mohana,,
1/3/2018,http://seodish.16mb.com,,Recurring,58,,,,Ramya K,,
1/27/2018,https://ukit.com,,Recurring,58,,,Indexed and Nofollow,Existing,,
2/5/2018,https://www.000webhost.com,,Recurring,58,,,,Mohana,,
2/9/2018,http://dewas.16mb.com,,Recurring,58,,,,Mohana,,
2/12/2018,http://diply.com/,,Recurring,58,,,,Mohana,,
2/15/2018,https://www.mycustomer.com,,One Time,58,,,,Mohana,,
2/27/2018,https://www.stage32.com/,,One Time,58,,,,Mohana,,
2/15/2018,http://www.socialy.16mb.com/,,Recurring,57,,,,Mohana,,
2/15/2018,https://www.trover.com,,One Time,57,,,,Mohana,,
2/23/2018,http://www.buzzsprout.com/,,Recurring,57,,,,Mohana,,
12/12/2017,http://postbit.com/,,Recurring,56,,,Dofollow,Praba,,Yes
7/21/2018,https://www.storeboard.com,,Recurring,56,,,Dofollow,Existing,,Yes
12/8/2017,z6.invisionfree.com/pcmania/index.php,,One Time,56,,,Nofollow,Jaseeba,,
7/21/2018,http://www.storeboard.com/,,One Time,56,,,Dofollow,Existing,,Yes
12/30/2017,http://www.sooperarticles.com/,,Recurring,56,,,Nofollow,Existing,,
12/30/2017,https://www.dropshots.com/,,Recurring,56,,,,Existing,,
12/18/2017,https://en.page4.com/,,Recurring,56,,,,Existing,,
12/27/2017,http://loot.com/,,Recurring,56,,,,Existing,,
1/20/2018,http://www.near.co.uk,,One Time,56,,,,Mohana,,
7/21/2018,http://www.slideserve.com,,Recurring,55,,,Nofollow,Existing,,Yes
7/21/2018,www.lookuppage.com,,One Time,55,,,Dofollow,Existing,,Yes
12/20/2017,https://advertise.local.com/,,One Time,55,,,,Existing,,
1/2/2018,https://steepster.com,,One Time,55,,,Nofollow,Existing,,
1/16/2018,http://www.jayde.com/,,One Time,55,,,,Mohana,,
1/23/2018,https://www.thebestof.co.uk,,One Time,55,,,,Mohana,,
1/24/2018,https://www.simbla.com/,,One Time,55,,,Indexed and Nofollow,Existing,,
7/21/2018,http://www.fixya.com/,,Recurring,54,,,Dofollow,Existing,,Yes
12/29/2017,http://www.snotr.com/,,Recurring,54,,,,Existing,,
12/23/2017,https://www.riverbender.com/directory/,,One Time,54,,,,Existing,,
1/23/2018,http://services.worldweb.com/,,One Time,54,,,,Mohana,,
1/25/2018,http://doattend.com/,,One Time,54,,,,Existing,,
12/13/2017,https://onmogul.com/,,One Time,54,,,,Existing,,
12/28/2017,https://www.use.com/,,Recurring,53,,,Dofollow,Existing,,Yes
7/21/2018,cylex-usa.com,,One Time,53,,,Nofollow,Existing,,Yes
12/16/2017,trustlink.org,,One Time,53,,,,Existing,,
12/9/2017,http://inube.com,,Recurring,53,,,Dofollow,Existing,,
1/16/2018,http://www.fortbragg.com/,,One Time,53,,,,Mohana,,
1/19/2018,https://www.macraesbluebook.com,,One Time,53,,,,Mohana,,
2/26/2018,https://app.hiive.co.uk,,Recurring,53,,,,Mohana,,
1/2/2018,http://www.googl.wc.lt,,Recurring,52,,,Dofollow,Existing,,
7/21/2018,http://ezlocal.com,,One Time,52,,,Nofollow,Existing,,Yes
1/9/2018,http://myhq.com/,,One Time,52,,,,Mohana,,
12/28/2017,https://www.8coupons.com/,,One Time,52,,,,Existing,,
12/16/2017,puzl.com,,Recurring,52,,,,Existing,,
1/23/2018,https://www.abilogic.com/,,Recurring,52,,,,Mohana,,
2/7/2018,http://www.citizentribune.com/classifieds/,,Recurring,52,,,Indexed and Nofollow,Existing,,
2/28/2018,https://the-dots.com/,,One Time,52,,,,Mohana,,
7/21/2018,http://www.classifiedads.com/,,Recurring,51,,,Nofollow,Existing,,Yes
7/21/2018,www.adlandpro.com,,Recurring,51,,,Dofollow,Existing,,Yes
7/21/2018,http://url.org/,,Recurring,51,,,Nofollow,Existing,,Yes
7/21/2018,http://www.salespider.com,,One Time,51,,,Nofollow,Existing,,Yes
7/21/2018,https://citymaps.com/,,One Time,51,,,Nofollow,Existing,,Yes
7/21/2018,https://www.salespider.com/,,One Time,51,,,,Existing,,Site not working
12/20/2017,local listing,,One Time,51,,,,Existing,,
12/23/2017,https://itsmyurls.com,,One Time,51,,,,Existing,,
12/20/2017,http://www.myvidster.com/,,Recurring,51,,,,Existing,,
1/19/2018,http://www.engnetglobal.com,,One Time,51,,,,Mohana,,
2/13/2018,https://www.dacast.com,,Recurring,51,,,,Mohana,,
2/22/2018,survivalinstincts.esportsify.com,,One Time,51,,,,Mohana,,
7/21/2018,http://www.usnetads.com/,,Recurring,50,,,Dofollow,Existing,,Yes
7/21/2018,https://www.getfave.com,,One Time,50,,,Nofollow,Existing,,Yes
12/11/2017,https://www.askmehelpdesk.com/,,Recurring,50,,,Nofollow,Existing,,
12/13/2017,https://www.referralkey.com/,,Recurring,50,,,Dofollow,Praba,,
7/21/2018,https://www.getfave.com/,,One Time,50,,,Nofollow,Existing,,
12/16/2017,bloggersrequired.com,,Recurring,50,,,,Existing,,
1/18/2018,https://start.cortera.com,,One Time,50,,,,Mohana,,
1/20/2018,https://www.misterwhat.co.uk/,,One Time,50,,,,Mohana,,
12/11/2017,http://pinti.22web.org,,Recurring,49,,,Nofollow,Ramya S,,
7/21/2018,http://ebusinesspages.com,,One Time,49,,,Nofollow,Existing,,Yes
1/6/2018,http://classifieds.websitegear.com,,Recurring,49,,,Nofollow,Existing,,
12/15/2017,http://www.powershow.com/,,Recurring,49,,,,Existing,,
12/20/2017,https://www.slickpic.com/,,One Time,49,,,Dofollow,Existing,,
1/19/2018,http://www.lacartes.com,,One Time,49,,,,Mohana,,
1/24/2018,http://596779.xobor.com,,One Time,49,,,,Existing,,
1/29/2018,http://www.fotobabble.com/,,Recurring,49,,,Indexed and Nofollow,Jaseeba,,
1/29/2018,http://listography.com,,Recurring,49,,,Indexed and Nofollow,Jaseeba,,
2/2/2018,https://pathbrite.com/,,One Time,49,,,,Mohana,,
2/5/2018,avgsupportuk.xobor.com,,One Time,49,,,,Mohana,,
12/18/2017,https://www.zumvu.com/,,Recurring,48,,,Dofollow,Existing,,Yes
7/21/2018,opendi.us,,One Time,48,,,Dofollow,Existing,,Yes
7/21/2018,http://www.tuugo.us/,,One Time,48,,,Nofollow,Existing,,Yes
7/21/2018,http://www.professionalontheweb.com,,One Time,48,,,Dofollow,Existing,,Yes
1/17/2018,http://www.canadaone.com/,,One Time,48,,,,Mohana,,
1/25/2018,https://htu.at,,One Time,48,,,,Existing,,
1/29/2018,https://www.hatena.com/,,Recurring,48,,,Indexed and Nofollow,Jaseeba,,
2/12/2018,http://www.imfaceplate.com,,Recurring,48,,,Indexed and Nofollow,Mohana,,
2/12/2018,https://sidengo.com/,,One Time,48,,,,Mohana,,
7/21/2018,http://clicads.com/,,Recurring,47,,,Dofollow,Existing,,Yes
7/21/2018,https://www.yelloyello.com,,One Time,47,,,Dofollow,Existing,,Yes
7/21/2018,http://us.enrollbusiness.com/,,One Time,47,,,Nofollow,Existing,,Yes
12/16/2017,zoomgroups.com,,One Time,47,,,,Existing,,
1/11/2018,http://slideplayer.com,,Recurring,47,,,,Existing,,
1/17/2018,http://www.canadawebdir.com/,,One Time,47,,,,Mohana,,
1/22/2018,http://www.bestbrandsworldwide.com,,Recurring,47,,,,Mohana,,
1/29/2018,http://myfolio.com/,,Recurring,47,,,Indexed and Nofollow,Jaseeba,,
2/1/2018,https://www.profilecanada.com/,,One Time,47,,,,Mohana,,
7/21/2018,http://www.freeclassifieds.com/,,Recurring,46,,,Dofollow,Existing,,Yes
1/6/2018,http://www.photoads.co.uk,,Recurring,46,,,Nofollow,Mohana,,
12/8/2017,https://start.me/,,Recurring,46,,,Dofollow,Praba,,
7/21/2018,https://www.golocal247.com,,One Time,46,,,Nofollow,Existing,,Yes
7/21/2018,cataloxy.com,,One Time,46,,,Nofollow,Existing,,Yes
1/17/2018,https://www.findyello.com/,,One Time,46,,,,Mohana,,
1/30/2018,https://yellowpages.cybo.com,,One Time,46,,,,Mohana,,
2/12/2018,http://articles.org/,,Recurring,46,,,,Mohana,,
2/27/2018,https://webmii.com/,,One Time,46,,,,Mohana,,
7/21/2018,http://www.global-free-classified-ads.com/,,Recurring,45,,,Nofollow,Existing,,Yes
1/3/2018,http://www.festivals.ipt.pw/,,Recurring,45,,,Dofollow,Existing,,
1/3/2018,http://www.support-services.ipt.pw/,,Recurring,45,,,Dofollow,Existing,,
12/19/2017,http://www.web-promotion.ipt.pw/,,Recurring,45,,,Dofollow,Existing,,
12/12/2017,http://www.strategy.ipt.pw/,,Recurring,45,,,Dofollow,Senthil,,
12/12/2017,http://www.reform.ipt.pw/,,Recurring,45,,,Dofollow,Senthil,,
12/12/2017,http://www.render.ipt.pw,,Recurring,45,,,Dofollow,Senthil,,
12/12/2017,http://www.expert-advice.ipt.pw,,Recurring,45,,,Dofollow,Senthil,,
7/21/2018,http://www.fotothing.com/,,Recurring,45,,,Dofollow,Existing,,Yes
7/21/2018,http://oneyellow.com,,One Time,45,,,Nofollow,Existing,,Yes
7/21/2018,http://www.agreatertown.com/,,One Time,45,,,Dofollow,Existing,,Yes
7/21/2018,http://www.pinbud.com/,,One Time,45,,,Dofollow,Existing,,Yes
7/21/2018,http://www.trepup.com/,,One Time,45,,,Nofollow,Existing,,Yes
1/4/2018,https://www.webwiki.com/,,One Time,45,,,,Mohana,,
12/21/2017,https://allihoopa.com/,,One Time,45,,,,Existing,,
1/17/2018,http://getfreelisting.com,,One Time,45,,,,Mohana,,
1/17/2018,http://www.canadianbusinessdirectory.ca,,One Time,45,,,,Mohana,,
1/18/2018,http://www.topdesignfirms.com,,One Time,45,,,,Mohana,,
1/20/2018,https://www.businessvibes.com,,One Time,45,,,,Mohana,,
1/27/2018,https://www.fixyourownprinter.com/,,Recurring,45,,,,Existing,,
7/21/2018,http://www.thefreeadforum.com/classifieds/,,Recurring,44,,,Nofollow,Existing,,Yes
12/23/2017,http://social.wikitechguru.com,,Recurring,44,,,Nofollow,Existing,,
12/23/2017,http://bookmark.wikitechguru.com,,Recurring,44,,,Nofollow,Existing,,
12/23/2017,http://news.wikitechguru.com,,Recurring,44,,,Nofollow,Existing,,
12/23/2017,http://links.wikitechguru.com,,Recurring,44,,,Nofollow,Existing,,
12/23/2017,http://piggo.wikitechguru.com,,Recurring,44,,,Nofollow,Existing,,
12/23/2017,http://pligg.wikitechguru.com,,Recurring,44,,,Nofollow,Existing,,
12/23/2017,http://seo.wikitechguru.com,,Recurring,44,,,Nofollow,Existing,,
12/23/2017,http://stumble.wikitechguru.com,,Recurring,44,,,Nofollow,Existing,,
7/21/2018,http://www.expressbusinessdirectory.com/,,One Time,44,,,Nofollow,Existing,,Yes
7/21/2018,https://www.whodoyou.com,,One Time,44,,,Nofollow,Existing,,Yes
7/21/2018,http://www.finduslocal.com/,,One Time,44,,,Dofollow,Existing,,Yes
12/8/2017,http://www.mysitevote.com/,,Recurring,44,,,,Kalaiyarasi,,
12/21/2017,http://www.localdatabase.com/,,One Time,44,,,Nofollow,Existing,,
1/19/2018,http://www.directorycentral.com,,One Time,44,,,,Mohana,,
1/27/2018,http://www.order-fulfillment.ipt.pw,,Recurring,44,,,Indexed and Nofollow,Existing,,
1/27/2018,http://www.legal-information.ipt.pw/,,Recurring,44,,,Indexed and Nofollow,Existing,,
1/27/2018,http://www.retail-trade.ipt.pw/,,Recurring,44,,,Indexed and Nofollow,Existing,,
1/27/2018,http://www.compensation-and-benefits.ipt.pw,,Recurring,44,,,Indexed and Nofollow,Existing,,
1/30/2018,https://www.webclassifieds.us/,,Recurring,44,,,,Mohana,,
1/31/2018,http://www.services.ipt.pw,,Recurring,44,,,,Existing,,
1/31/2018,http://www.computers.ipt.pw/,,Recurring,44,,,,Existing,,
1/31/2018,http://www.entertainment.ipt.pw/,,Recurring,44,,,,Existing,,
1/31/2018,http://www.business.ipt.pw/,,Recurring,44,,,,Existing,,
1/31/2018,http://www.brijj.com,,One Time,44,,,,Existing,,
2/1/2018,http://www.outplacement.ipt.pw,,Recurring,44,,,,Mohana,,
2/9/2018,http://events.ipt.pw/ads/,,Recurring,44,,,,Mohana,Profile Creation,
2/9/2018,http://classes.ipt.pw,,Recurring,44,,,,Mohana,,
2/9/2018,http://media.ipt.pw,,Recurring,44,,,,Mohana,,
2/9/2018,http://www.software.ipt.pw,,Recurring,44,,,,Mohana,,
2/9/2018,http://www.internet.ipt.pw,,Recurring,44,,,,Mohana,,
2/9/2018,http://experts.ipt.pw/ads/,,Recurring,44,,,,Mohana,Profile Creation,
2/12/2018,http://www.paintings.ipt.pw/,,Recurring,44,,,,Mohana,,
2/13/2018,http://blogs.ipt.pw,,Recurring,44,,,,Mohana,,
2/13/2018,http://technology.ipt.pw,,Recurring,44,,,,Mohana,,
2/24/2018,http://links.bookmarkcore.com/,,Recurring,44,,,,Mohana,,
2/24/2018,http://updates.bookmarkcore.com,,Recurring,44,,,,Mohana,,
2/24/2018,http://posts.bookmarkcore.com/,,Recurring,44,,,,Mohana,,
2/24/2018,http://share.bookmarkcore.com/,,Recurring,44,,,,Mohana,,
2/24/2018,http://www.bookmarkcore.com,,Recurring,44,,,,Mohana,,
7/21/2018,https://www.n49.com/,,One Time,43,,,Dofollow,Existing,,Yes
7/21/2018,http://www.smartguy.com,,One Time,43,,,Dofollow,Existing,,Yes
7/21/2018,http://www.fyple.com,,One Time,43,,,Nofollow,Existing,,Yes
1/6/2018,http://www.4ni.co.uk,,One Time,43,,,,Mohana,,
1/20/2018,http://searchme4.co.uk/,,One Time,43,,,,Mohana,,
7/21/2018,http://www.hot-web-ads.com/,,Recurring,42,,,Dofollow,Existing,,Yes
7/21/2018,https://ablocal.com,,One Time,42,,,Dofollow,Existing,,Yes
7/21/2018,http://www.zipleaf.us/,,One Time,42,,,Nofollow,Existing,,Yes
1/10/2018,http://www.localbd.com.au,,One Time,42,,,,Mohana,,
1/10/2018,http://www.goldcoastbd.com.au/,,One Time,42,,,Dofollow,Mohana,,
1/4/2018,https://www.ukclassifieds.co.uk/,,Recurring,42,,,Nofollow,Existing,,
1/17/2018,https://www.daytonlocal.com/,,One Time,42,,,,Mohana,,
1/22/2018,https://www.britaine.co.uk/,,Recurring,42,,,,Mohana,,
1/22/2018,https://www.find-us-here.com,,One Time,42,,,,Mohana,,
1/22/2018,https://www.whodoyou.com,,One Time,42,,,,Mohana,,
1/22/2018,https://www.mylocalservices.co.uk/,,One Time,42,,,,Mohana,,
2/13/2018,https://www.ivacy.com,,Recurring,42,,,,Mohana,,
1/4/2018,http://www.friday-ad.co.uk,,Recurring,41,,,Nofollow,Mohana,,Yes
1/8/2018,http://www.canetads.com,,Recurring,41,,,Nofollow,Mohana,,
12/28/2017,http://pixelhub.me/,,One Time,41,,,Dofollow,Existing,,Yes
7/21/2018,http://www.mysheriff.net,,One Time,41,,,Nofollow,Existing,,
12/14/2017,http://www.247ebookmark.com/,,Recurring,41,,,Dofollow,Praba,,
1/8/2018,http://www.ukadslist.com,,Recurring,41,,,,Existing,,
12/11/2017,https://www.theanswerbank.co.uk,,Recurring,41,,,,Existing,,
1/27/2018,http://www.onlinesocialbookmarker.com/,,Recurring,41,,,Indexed and Nofollow,Existing,,
2/8/2018,blurpalicious.com,,Recurring,41,,,,Existing,,
12/18/2017,http://new.rapichat.com/,,Recurring,40,,,Nofollow,Existing,,
7/21/2018,https://www.igotbiz.com,,One Time,40,,,Nofollow,Existing,,Yes
1/23/2018,http://www.businessmeca.com/,,One Time,40,,,,Mohana,,
1/29/2018,http://www.audimated.com/,,One Time,40,,,Indexed and Nofollow,Jaseeba,,
2/12/2018,http://findnerd.com/,,Recurring,40,,,,Mohana,,
2/24/2018,http://marketing.247ebookmark.com,,Recurring,40,,,,Mohana,,
2/24/2018,http://application.247ebookmark.com/,,Recurring,40,,,,Mohana,,
2/24/2018,http://lifestyle.247ebookmark.com/,,Recurring,40,,,,Mohana,,
2/24/2018,http://business.247ebookmark.com/,,Recurring,40,,,,Mohana,,
7/21/2018,http://classifiedsforfree.com/,,Recurring,39,,,Nofollow,Existing,,Yes
12/11/2017,http://perde.xbizhost.com,,Recurring,39,,,Nofollow,Ramya S,,
1/4/2018,https://www.ad-mart.co.uk/,,Recurring,39,,,,Existing,,
7/21/2018,http://www.bookmarkingbase.com/,,Recurring,39,,,,Existing,,
12/20/2017,http://www.akama.com,,One Time,39,,,Nofollow,Existing,,
1/17/2018,http://www.akama.com/,,One Time,39,,,,Mohana,,
1/18/2018,https://www.callupcontact.com,,One Time,39,,,,Mohana,,
1/19/2018,http://www.citiservi.com,,One Time,39,,,,Mohana,,
12/23/2017,https://adsark.com/,,Recurring,39,,,,Existing,,
7/21/2018,american-classifieds.net,,Recurring,38,,,Nofollow,Existing,,Yes
1/4/2018,http://www.emailing.ipt.pw,,Recurring,38,,,Dofollow,Existing,,
12/17/2017,justpep.com,,Recurring,38,,,Nofollow,Existing,,
12/29/2017,http://www.mettablog.com/,,Recurring,38,,,Nofollow,Existing,,
12/9/2017,http://www.yoomark.com/,,Recurring,38,,,Nofollow,Sangavi,,
7/21/2018,http://www.nexport.com/,,One Time,38,,,Dofollow,Existing,,Yes
1/7/2018,http://australiaonlineadvertising.com.au,,One Time,38,,,,Existing,,
12/16/2017,addthismark.com,,Recurring,38,,,Nofollow,Existing,,
12/14/2017,http://www.mixerbookmarker.com/,,Recurring,38,,,Dofollow,Praba,,
1/11/2018,https://www.bahamaslocal.com,,One Time,38,,,,Mohana,,
12/14/2017,http://www.bookmarkdais.com/,,Recurring,38,,,Dofollow,Praba,,
1/2/2018,http://identyme.com,,One Time,38,,,,Existing,,
12/16/2017,g3dev.info,,One Time,38,,,,Existing,,
1/24/2018,http://www.otd.to/,,Recurring,38,,,,Existing,,
1/25/2018,http://freespaceway.com,,Recurring,38,,,,Existing,,
1/30/2018,https://www.iglobal.co,,One Time,38,,,,Mohana,,
7/21/2018,tampa.businesslistus.com,,One Time,38,,,,Existing,,
1/31/2018,https://www.appfutura.com/,,One Time,38,,,,Existing,,
2/3/2018,https://www.tripoto.com/,,Recurring,38,,,,Mohana,,
2/8/2018,mootin.com,,Recurring,38,,,Indexed and Nofollow,Existing,,
7/21/2018,http://www.usaonlineclassifieds.com/,,Recurring,37,,,Dofollow,Existing,,Yes
7/21/2018,http://www.topclassifieds.com/,,Recurring,37,,,Dofollow,Existing,,Yes
7/21/2018,https://hub.fm/,,Recurring,37,,,Dofollow,Existing,,Yes
12/16/2017,dewalist.com,,Recurring,37,,,Dofollow,Existing,,
12/15/2017,http://www.beatyourprice.com/,,Recurring,37,,,Dofollow,Praba,,
12/8/2017,http://www.kedna.com,,Recurring,37,,,Nofollow,Pavithra,,Yes
1/7/2018,http://www.fedklfe.webmastershowcase.com.au,,Recurring,37,,,Nofollow,Existing,,Yes
7/21/2018,http://www.ogoing.com,,One Time,37,,,Nofollow,Existing,,Yes
12/17/2017,p-tweets.com,,Recurring,37,,,,Existing,,
12/17/2017,fastlisting.org,,Recurring,37,,,,Existing,,
1/18/2018,http://www.idirectory.com/,,One Time,37,,,,Mohana,,
1/22/2018,http://businessnetwork.co.uk,,One Time,37,,,,Mohana,,
1/22/2018,http://www.businessspread.co.uk,,One Time,37,,,,Mohana,,
1/23/2018,http://dailygram.com,,Recurring,37,,,,Mohana,,
1/25/2018,http://www.tennis-motion-connect.com/,,One Time,37,,,,Existing,,
1/27/2018,http://www.leapzipblog.com/,,Recurring,37,,,Indexed and Nofollow,Existing,,
2/14/2018,https://familytechzone.com/roku-my-favorite-entertainment-device/,,Recurring,37,,,,Mohana,,
2/15/2018,http://www.boomeon.com,,Recurring,37,,,,Mohana,,
2/27/2018,http://www.funderhut.com/,,One Time,37,,,,Mohana,,
7/21/2018,http://pressmania.com,,Recurring,36,,,Nofollow,Existing,,Yes
7/21/2018,https://www.expatads.com/,,Recurring,36,,,Nofollow,Existing,,Yes
12/17/2017,deowatt.com,,Recurring,36,,,Dofollow,Existing,,
12/12/2017,http://registertovotetoday.com/,,Recurring,36,,,Nofollow,Sangavi,,
12/9/2017,http://www.indofeed.com/,,Recurring,36,,,Nofollow,Ramya S,,
7/21/2018,http://www.bizexposed.com,,One Time,36,,,Nofollow,Existing,,Yes
7/21/2018,http://www.iformative.com,,One Time,36,,,Nofollow,Existing,,Yes
1/7/2018,http://www.businesslistings.net.au,,One Time,36,,,,Existing,,
12/8/2017,https://flixed.io,,One Time,36,,,Dofollow,Existing,,
12/9/2017,http://www.jodohkita.info/,,Recurring,36,,,Nofollow,Ramya S,,
1/7/2018,http://www.freeadvertisingexchange.com,,Recurring,36,,,,Existing,,
12/30/2017,www.clipmoon.com/,,Recurring,36,,,,Existing,,
1/17/2018,http://www.bolalist.com/,,One Time,36,,,,Mohana,,
1/18/2018,http://www.wherezit.com,,One Time,36,,,,Mohana,,
1/19/2018,https://www.cityfos.com,,One Time,36,,,,Mohana,,
1/19/2018,http://www.wegoplaces.com,,One Time,36,,,,Mohana,,
1/31/2018,http://www.shobby.co.uk/,,One Time,36,,,,Existing,,
12/17/2017,tealuck.com,,Recurring,35,,,Dofollow,Existing,,Yes
1/8/2018,http://www.aufreeads.com,,Recurring,35,,,Nofollow,Mohana,,
12/11/2017,http://wghpp.com/,,Recurring,35,,,Nofollow,Ramya S,,
12/8/2017,http://www.blogbookmark.com/,,One Time,35,,,Nofollow,Muthu Selvi,,
12/14/2017,http://www.ebookmarkcenter.com/,,Recurring,35,,,Dofollow,Praba,,
12/28/2017,http://www.yellowise.com/,,One Time,35,,,Dofollow,Existing,,
7/21/2018,http://www.beavercreekchamber.org,,One Time,35,,,,Existing,,
1/18/2018,http://www.minorityprofessionalnetwork.com,,One Time,35,,,,Mohana,,
1/18/2018,http://www.techcitymap.com,,One Time,35,,,,Mohana,,
1/22/2018,http://uk-local-search.co.uk/,,One Time,35,,,,Mohana,,
1/22/2018,https://www.lynkos.com/,,One Time,35,,,,Mohana,,
1/22/2018,http://kentfind.co.uk,,One Time,35,,,,Mohana,,
1/29/2018,http://users.linkular.com/,Profile Creation,One Time,35,,,Indexed and Nofollow,Jaseeba,,
1/29/2018,http://articleneed.com/,Web 2.0 ,Recurring,35,,,Indexed and Nofollow,Jaseeba,,
2/22/2018,cokoyes.com,Social Media Sharing,Recurring,35,,,,Mohana,,
1/2/2018,http://scoophot.com,Web 2.0 ,Recurring,34,,,Dofollow,Mohana,,Yes
7/21/2018,http://www.adsriver.com/,Classified,Recurring,34,,,Dofollow,Existing,,Yes
1/2/2018,http://www.hotfreelist.com,Classified,Recurring,34,,,Dofollow,Existing,,Yes
12/17/2017,classifiedsciti.com,Classified,Recurring,34,,,Nofollow,Existing,,
1/8/2018,http://adeum.com,Classified,Recurring,34,,,Nofollow,Mohana,,
12/20/2017,http://bookmarks.freeticketopen.com/,Bookmarking,Recurring,34,,,Nofollow,Existing,,
12/20/2017,http://forum.freeticketopen.com/,Bookmarking,Recurring,34,,,Nofollow,Existing,,
12/8/2017,http://lymelightwebs.net/,Bookmarking,Recurring,34,,,Nofollow,Sangavi,,
12/28/2017,http://follr.com/,Profile Creation,One Time,34,,,Dofollow,Existing,,Yes
1/9/2018,http://www.aunetads.com,Classified,recurring,34,,,Dofollow,Mohana,,
7/21/2018,http://www.sociopost.com/,Bookmarking,Recurring,34,,,,Praba,,
7/21/2018,https://credibility.com/,Local Listing,One Time,34,,,,Existing,,
12/16/2017,https://flixed.io/,Blog Commenting,One Time,34,,,,Existing,,
1/17/2018,http://www.shoplocally.com/,Local Listing,One Time,34,,,,Mohana,,
1/17/2018,https://www.contacthelp.com/,Local Listing,One Time,34,,,,Mohana,,
1/20/2018,http://www.theigroup.co.uk,Local Listing,One Time,34,,,,Mohana,,
1/27/2018,http://www.sphynx-forum-ireland.com,Profile Creation,One Time,34,,,,Existing,,
2/2/2018,https://www.gaydesertguide.com,Social Media Sharing,Recurring,34,,,,Mohana,Profile/local listing/artilce submission,
2/15/2018,http://www.writeupcafe.com,Social Media Sharing,Recurring,34,,,,Mohana,,
7/21/2018,http://www.usedseattle.com/,Classified,Recurring,33,,,Nofollow,Existing,,Yes
7/21/2018,http://freead1.net/,Classified,Recurring,33,,,Nofollow,Existing,,Yes
1/2/2018,http://www.freeclassifiedssites.com,Classified,Recurring,33,,,Dofollow,Existing,,Yes
12/17/2017,billburg.com,Classified,Recurring,33,,,Dofollow,Existing,,
12/16/2017,czechtribe.com,Classified,Recurring,33,,,Dofollow,Existing,,
12/9/2017,http://www.adsanddeals.com,Classified,Recurring,33,,,Dofollow,Pavithra,,
12/11/2017,http://gardicanin.net ,Bookmarking,Recurring,33,,,Nofollow,Ramya S,,
12/21/2017,http://www.add-page.com/,Directory Submission,One Time,33,,,,Existing,,
12/8/2017,https://thewirecutter.com/,Blog Commenting,One Time,33,,,Dofollow,Existing,,
1/10/2018,http://shiningstuff.com,Classified,Recurring,33,,,,Mohana,,
1/9/2018,http://australia.qtellads.com,Classified,Recurring,33,,,,Mohana,,
12/27/2017,https://oc2o.com/en/create-ad,Classified,Recurring,33,,,Nofollow,Existing,,
1/19/2018,https://www.myezbz.com,Local Listing,One Time,33,,,,Mohana,,
1/20/2018,https://www.digibritain.co.uk/,Local Listing,One Time,33,,,,Mohana,,
1/22/2018,https://dentons.net/,Local Listing,One Time,33,,,,Mohana,,
1/22/2018,http://www.wheresbest.co.uk,Local Listing,One Time,33,,,,Mohana,,
1/22/2018,https://tagtagcity.com,Local Listing,One Time,33,,,,Mohana,,
1/27/2018,http://egamingsupply.com/,Profile Creation,One Time,33,,,Indexed and Nofollow,Existing,,
12/14/2017,http://www.sociablebookmarker.com/,Bookmarking,Recurring,33,,,,Existing,,
12/14/2017,http://www.bookmarkheart.com/,Bookmarking,Recurring,33,,,,Existing,,
1/29/2018,http://focussion.com/,Image Sharing,Recurring,33,,,Indexed and Nofollow,Jaseeba,,
2/5/2018,http://newbusinesspower.com,Profile Creation,One Time,33,,,,Mohana,,
2/9/2018,http://autoforward.com/,Bookmarking,Recurring,33,,,,Mohana,,
2/12/2018,http://bookmarkingpage.com/,Bookmarking,Recurring,33,,,Indexed and Nofollow,Mohana,,
2/13/2018,http://www.deezer-blog.com,Blog Commenting,Recurring,33,,,,Mohana,,
2/14/2018,https://forum.technofaq.org,Forum Commenting,Recurring,33,,,,Mohana,,
2/15/2018,https://app.ideahunt.io/,Profile Creation,One Time,33,,,,Mohana,,
7/21/2018,http://flegoo.com/,Classified,Recurring,32,,,Nofollow,Existing,,Yes
7/21/2018,http://classified4free.net/,Classified,Recurring,32,,,Dofollow,Existing,,Yes
7/21/2018,http://www.postfreeadshere.com/,Classified,Recurring,32,,,Dofollow,Existing,,Yes
1/4/2018,https://www.outlived.co.uk,Classified,Recurring,32,,,Dofollow,Mohana,,Yes
1/2/2018,http://www.gabbleworld.com,Classified,Recurring,32,,,Dofollow,Existing,,Yes
12/9/2017,http://freewebads.biz,Classified,Recurring,32,,,Dofollow,Kalaiyarasi,,
7/21/2018,https://windowly.com/,Bookmarking,Recurring,32,,,Nofollow,Existing,,Yes
1/5/2018,https://www.gamesprout.co.uk,video sharing,One Time,32,,,,Mohana,,
12/14/2017,http://www.esocialbookmarker.com/,Bookmarking,Recurring,32,,,Dofollow,Praba,,
1/8/2018,http://usadsciti.com/,Classified,Recurring,32,,,Nofollow,Existing,,
1/19/2018,http://www.injupiter.com,Local Listing,One Time,32,,,,Mohana,,
1/20/2018,https://www.digilondon.co.uk/,Local Listing,One Time,32,,,,Mohana,,
1/22/2018,https://www.bizfo.co.uk,Local Listing,Recurring,32,,,,Mohana,,
1/23/2018,https://1stdirectory.co.uk,Local Listing,One Time,32,,,,Mohana,,
1/24/2018,https://channeliser.com,Profile Creation,One Time,32,,,Indexed and Nofollow,Existing,,
1/27/2018,https://classifieds.acceleweb.com/,Local Listing,Recurring,32,,,Indexed and Nofollow,Existing,,
1/30/2018,http://www.adskorner.com,Classified,Recurring,32,,,,Mohana,,
2/2/2018,https://infeeds.com,Web 2.0,Recurring,32,,,,Mohana,,
7/21/2018,http://www.estia.com,Classified,Recurring,31,,,Dofollow,Existing,,Yes
7/21/2018,http://www.adsyellowpages.com/,Classified,Recurring,31,,,Indexed and Nofollow,Existing,,Yes
7/21/2018,http://eonlineads.com/,Classified,Recurring,31,,,Dofollow,Existing,,Yes
7/21/2018,http://classifieds4free.biz/,Classified,Recurring,31,,,Dofollow,Existing,,Yes
12/29/2017,http://www.classtize.com,Classified,Recurring,31,,,Nofollow,Existing,,Yes
1/8/2018,http://oboads.com/,Classified,Recurring,31,,,Nofollow,Mohana,,
12/17/2017,10lance.com,Bookmarking,Recurring,31,,,Nofollow,Existing,,
12/12/2017,http://vtv10.com/,Bookmarking,Recurring,31,,,Nofollow,Sangavi,,
1/7/2018,http://www.cdnpages.ca/,Local Listing,One Time,31,,,,Existing,,
1/10/2018,http://www.brisbanebd.com.au/,Local Listing,One Time,31,,,Dofollow,Mohana,,
1/16/2018,http://www.californiaibd.com,Local Listing,Recurring,31,,,,Mohana,,
1/17/2018,https://www.813area.com/,Local Listing,One Time,31,,,,Mohana,,
1/17/2018,http://www.eximdata.com/,Local Listing,One Time,31,,,,Mohana,,
2/5/2018,http://www.socearn.com,Profile Creation,One Time,31,,,,Mohana,,
2/8/2018,http://addusastory.com/,Bookmarking,Recurring,31,,,,Existing,,
2/15/2018,http://www.scionxdforum.com/forum/showthread.php?t=4876,Forum Commenting,Recurring,31,,,,Mohana,,
2/22/2018,ninjafortress.com,Forum Commenting,Recurring,31,,,,Mohana,,
7/21/2018,http://www.freeadsbook.com/,Classified,Recurring,30,,,Dofollow,Existing,,Yes
12/9/2017,http://freeadsonline.biz,Classified,Recurring,30,,,Dofollow,Kalaiyarasi,,
12/8/2017,http://freebestads.com/,Classified,Recurring,30,,,Dofollow,Ramya S,,
1/8/2018,http://www.hyt.com,Classified,Recurring,30,,,Nofollow,Mohana,,
12/11/2017,http://www.zariaetans.com/,Bookmarking,Recurring,30,,,Nofollow,Sangavi,,
12/8/2017,http://www.jreyscope.com/,Bookmarking,Recurring,30,,,Dofollow,Senthil,,
1/4/2018,http://www.cdncc.com/,Classified,One Time,30,,,,Mohana,,
12/8/2017,https://www.dacast.com/,Blog Commenting,One Time,30,,,Dofollow,Existing,,
12/9/2017,https://xoocal.com,Classified,One Time,30,,,,Kalaiyarasi,,
12/17/2017,choicebookmarks.com,Bookmarking,Recurring,30,,,Nofollow,Existing,,
1/22/2018,https://www.localstore.co.uk/,Local Listing,One Time,30,,,,Mohana,,
1/22/2018,http://www.ukwebindex.co.uk,Local Listing,One Time,30,,,,Mohana,,
2/7/2018,http://bookmarkbook.org/,Bookmarking,Recurring,30,,,Indexed and Nofollow,Existing,,
7/21/2018,http://globalclassified.net/,Classified,Recurring,29,,,Dofollow,Existing,,Yes
12/8/2017,http://www.adsblue.com/,Classified,Recurring,29,,,Nofollow,Sangavi,,
12/8/2017,http://getadsonline.com/,Classified,Recurring,29,,,Dofollow,Ramya S,,
1/3/2018,http://visitbookmarks.com/,Bookmarking,Recurring,29,,,Nofollow,Existing,,
1/3/2018,http://todays1051.net/,Bookmarking,Recurring,29,,,Dofollow,Existing,,
12/17/2017,getsocialpr.com,Bookmarking,Recurring,29,,,Dofollow,Existing,,
12/8/2017,http://www.storymint.com/,Bookmarking,Recurring,29,,,Dofollow,Ramya K,,
7/21/2018,http://www.localnoggins.com/,Local Listing,One Time,29,,,Dofollow,Existing,,Yes
12/16/2017,getconnected360.com,Local Listing,One Time,29,,,,Existing,,
1/10/2018,http://web-free-ads.com/,Classified,Recurring,29,,,,Mohana,,
1/11/2018,http://www.ratebe.com.au/,Directory Submission,Recurring,29,,,,Mohana,,
12/14/2017,http://gen-eff.net/,Bookmarking,Recurring,29,,,Nofollow,Praba,,
1/18/2018,http://www.freemerchantnetwork.com,Local Listing,One Time,29,,,,Mohana,,
1/22/2018,https://www.firstfriday-network.co.uk,Local Listing,One Time,29,,,,Mohana,,
2/2/2018,http://web.horde.to/,,One Time,29,,,,Mohana,,
2/14/2018,https://www.contact-email-support.com/blog/connect-roku-internet/,Blog Commenting,Recurring,29,,,,Mohana,,
2/15/2018,http://balconyteam.com,Forum Commenting,Recurring,29,,,,Mohana,,
7/21/2018,http://www.freeadsciti.com/,Classified,Recurring,28,,,Nofollow,Existing,,Yes
1/5/2018,http://www.bunchbay.ca,Classified,Recurring,28,,,Dofollow,Mohana,,
12/23/2017,http://postherefree.com,Classified,Recurring,28,,,Dofollow,Existing,,
1/8/2018,https://aderk.ca,Classified,Recurring,28,,,Nofollow,Mohana,,
1/3/2018,http://3000bonus.com/,Bookmarking,Recurring,28,,,Nofollow,Existing,,
1/2/2018,http://immensewise.com,Bookmarking,Recurring,28,,,Nofollow,Existing,,
1/10/2018,http://www.adelaidebd.com.au/,Local Listing,One Time,28,,,Dofollow,Mohana,,
1/3/2018,http://dupioneer.com,Bookmarking,Recurring,28,,,,Ramya K,,
1/17/2018,https://businesslistingplus.com/,Local Listing,Recurring,28,,,,Mohana,,
1/25/2018,http://builder.ezywebs.com.au,Web 2.0 ,Recurring,28,,,Indexed and Nofollow,Existing,,
2/5/2018,http://www.peorian.com/,Forum Commenting,Recurring,28,,,Indexed and Nofollow,Mohana,,
2/7/2018,http://coolpot.com/,Bookmarking,Recurring,28,,,Indexed and Nofollow,Existing,,
2/8/2018,http://updatesee.com/,Bookmarking,Recurring,28,,,Indexed and Nofollow,Existing,,
7/21/2018,http://freewebads.us,Classified,Recurring,27,,,Dofollow,Existing,,Yes
12/23/2017,http://www.1smartlist.com/,Classified,Recurring,27,,,Dofollow,Existing,,
12/8/2017,http://posthereads.com/,Classified,Recurring,27,,,Dofollow,Sangavi,,
1/3/2018,http://speedycon.org/,Bookmarking,Recurring,27,,,Nofollow,Existing,,
12/21/2017,http://localwall.net,Local Listing,One Time,27,,,,Existing,,
12/21/2017,http://www.walldirectory.com/,Local Listing,One Time,27,,,,Existing,,
12/21/2017,http://azlogistics.com/,Local Listing,One Time,27,,,,Existing,,
1/8/2018,http://www.1000sads.com ,Classified,Recurring,27,,,,Existing,,
1/8/2018,http://www.qtellfreeclassifiedads.com,Classified,Recurring,27,,,,Existing,,
12/17/2017,biznas.com,Document Sharing,One Time,27,,,,Existing,,
1/17/2018,https://companylist.org,Local Listing,One Time,27,,,,Mohana,,
1/23/2018,http://www.yourni.co.uk,Local Listing,One Time,27,,,,Mohana,,
1/23/2018,http://gosearchdirectory.com,Local Listing,One Time,27,,,,Mohana,,
1/7/2018,http://australia.metroclassifieds.com.au,Classified,Recurring,26,,,Dofollow,Existing,,Yes
12/8/2017,http://mypetads.com/,Classified,Recurring,26,,,Dofollow,Ramya S,,
12/16/2017,smallbizpages.us,Local Listing,One Time,26,,,Dofollow,Praba,,
1/23/2018,https://www.businessmeus.com,Local Listing,One Time,26,,,,Mohana,,
1/24/2018,http://connectfirms.com/,Profile Creation,One Time,26,,,Indexed and Nofollow,Existing,,
1/25/2018,http://questionsignal.com/,Q&A,Recurring,26,,,,Existing,,
1/30/2018,http://www.computer-repairs-maintenance.co.uk/,Local Listing,One Time,26,,,Indexed and Nofollow,Mohana,,
12/17/2017,infomapp.com,Web 2.0 ,Recurring,25,,,Dofollow,Existing,,Yes
12/8/2017,http://ezclassifiedads.com/,Classified,Recurring,25,,,Dofollow,Ramya S,,
12/8/2017,http://classifiedonlineads.net/,Classified,Recurring,25,,,Dofollow,Ramya S,,
12/21/2017,http://bestelinkc.com/,Bookmarking,Recurring,25,,,Nofollow,Existing,,
12/21/2017,http://freshlinkzones.com/,Bookmarking,Recurring,25,,,Nofollow,Existing,,
12/17/2017,bookurlinks.com,Bookmarking,Recurring,25,,,Nofollow,Existing,,
12/28/2017,https://enetget.com/,Profile Creation,One Time,25,,,Nofollow,Existing,,Yes
12/8/2017,http://www.topix.com,Blog Commenting,One Time,25,,,Dofollow,Existing,,
1/10/2018,http://www.classifriedads.org/,Classified,Recurring,25,,,,Mohana,,
1/22/2018,http://www.stores-locator.com/,Local Listing,One Time,25,,,,Mohana,,
1/23/2018,http://www.topukdirectory.co.uk/,Local Listing,One Time,25,,,,Mohana,,
1/31/2018,http://www.theuksbest.co.uk,Local Listing,One Time,25,,,,Existing,,
2/14/2018,http://digitalreview.co/11-hidden-roku-tricks-try-right-now/,Blog Commenting,Recurring,25,,,,Mohana,,
2/15/2018,http://www.justaaa.com,Q&A,Recurring,25,,,,Mohana,,
7/21/2018,http://www.buckdodgers.com/,Classified,Recurring,24,,,Indexed and Nofollow,Existing,,Yes
12/23/2017,http://www.zappclassifieds.com/,Classified,Recurring,24,,,Dofollow,Existing,,
1/8/2018,http://www.adsfarm.co.uk,Classified,Recurring,24,,,Nofollow,Mohana,,
1/3/2018,http://eugendorf.net/,Bookmarking,Recurring,24,,,Nofollow,Existing,,
12/21/2017,http://vote.thearticlebuzz.com,Bookmarking,Recurring,24,,,Nofollow,Existing,,
12/21/2017,http://seo.socialbizarenews.com/,Bookmarking,Recurring,24,,,Nofollow,Existing,,
12/21/2017,http://easyelinkc.com,Bookmarking,Recurring,24,,,Nofollow,Existing,,
12/21/2017,http://www.mycitybusiness.net,Local Listing,One Time,24,,,,Existing,,
12/21/2017,http://newslinkzones.com/,Bookmarking,Recurring,24,,,Nofollow,Existing,,
1/8/2018,http://www.tendermeforfree.com,Classified,Recurring,24,,,,Existing,,
1/16/2018,https://www.aileensoul.com/,Local Listing,Recurring,24,,,,Mohana,,
1/16/2018,http://1bakersfield.com,Local Listing,One Time,24,,,Nofollow,Mohana,,
1/17/2018,http://ospreynokomisflorida.com/,Local Listing,One Time,24,,,,Mohana,,
7/21/2018,freepostclassifiedads.com,Classified,Recurring,24,,,Indexed and Nofollow,Mohana,,
2/8/2018,http://latestinfographics.com,Infographics,Recurring,24,,,,Existing,,
2/15/2018,http://www.bookmarkpocket.com,Bookmarking,Recurring,24,,,,Mohana,,
12/16/2017,nullads.org,Classified,Recurring,23,,,Dofollow,Existing,,
12/21/2017,http://totalshare.net/,Bookmarking,Recurring,23,,,Dofollow,Existing,,
12/17/2017,handymanservice.biz,Bookmarking,Recurring,23,,,Nofollow,Existing,,
12/28/2017,http://www.ads-mall.com/,Profile Creation,One Time,23,,,Dofollow,Existing,,Yes
12/16/2017,uvideoplay.com,video sharing,One Time,23,,,,Existing,,
1/9/2018,http://www.smallbusinessads.co.uk,Local Listing,One Time,23,,,Dofollow,Mohana,,
1/9/2018,http://www.listall.ca/,Classified,Recurring,23,,,,Mohana,,
12/17/2017,kewlwallet.com,Classified,Recurring,23,,,,Existing,,
12/26/2017,http://adfreeposting.com/,Classified,Recurring,23,,,Nofollow,Existing,,
1/18/2018,http://www.gosgi.com,Local Listing,One Time,23,,,,Mohana,,
1/20/2018,http://www.dublinbynumbers.com/,Local Listing,One Time,23,,,,Mohana,,
1/23/2018,http://uklistingz.co.uk,Local Listing,One Time,23,,,,Mohana,,
2/2/2018,http://www.nextbizdoor.com,Profile Creation,One Time,23,,,,Mohana,,
2/8/2018,http://referbookmarks.com/,Bookmarking,Recurring,23,,,,Existing,,
2/14/2018,http://blog.freeair.tv/2015/12/where-roku-ends-cloudantenna-picks-up.html,Blog Commenting,Recurring,23,,,,Mohana,,
2/24/2018,http://firststrikepro.com/,Forum Commenting,Recurring,23,,,,Mohana,,
7/21/2018,http://www.bestcraigslists.com,Classified,Recurring,22,,,Dofollow,Existing,,Yes
12/23/2017,http://nvnickel.com/,Classified,Recurring,22,,,Dofollow,Existing,,
1/8/2018,http://www.ustings.com/,Classified,Recurring,22,,,Nofollow,Mohana,,
12/21/2017,http://bookmarkurlinkc.com/,Bookmarking,Recurring,22,,,Nofollow,Existing,,
12/21/2017,http://sitelinkbacks.com/,Bookmarking,Recurring,22,,,Nofollow,Existing,,
7/21/2018,https://ilocalize.com,Local Listing,One Time,22,,,Dofollow,Existing,,Yes
7/21/2018,https://townrenowned.com,Local Listing,One Time,22,,,Dofollow,Existing,,Yes
7/21/2018,http://www.usemybusiness.com/,Local Listing,One Time,22,,,Nofollow,Existing,,Yes
12/30/2017,https://www.finditnowdirectory.com.au/,Local Listing,One Time,22,,,,Existing,,
1/23/2018,http://www.us-info.com,Local Listing,One Time,22,,,,Mohana,,
1/31/2018,http://www.freeadvertisingblog.com/,Local Listing,One Time,22,,,,Existing,,
12/17/2017,ifl-forum.com,Forum Commenting,Recurring,22,,,,Mohana,,
2/7/2018,http://atlhtml5.net/,Bookmarking,Recurring,22,,,Indexed and Nofollow,Existing,,
2/13/2018,http://my-company-profile.com/,Local Listing,One Time,22,,,,Mohana,,
1/7/2018,https://usa.classifiedsfree.co,Classified,Recurring,21,,,Nofollow,Existing,,Yes
1/7/2018,https://australia.classifiedsfree.co,Classified,Recurring,21,,,Nofollow,Existing,,Yes
12/23/2017,http://www.u2freeclassifiedads.com/,Classified,Recurring,21,,,Nofollow,Existing,,
12/21/2017,http://seonews.homefoodforever.com/,Bookmarking,Recurring,21,,,Nofollow,Existing,,
12/21/2017,http://bookmarkingstuff.homefoodforever.com/,Bookmarking,Recurring,21,,,Nofollow,Existing,,
12/21/2017,http://submitstory.homefoodforever.com/,Bookmarking,Recurring,21,,,Nofollow,Existing,,
12/21/2017,http://socialstuff.homefoodforever.com/,Bookmarking,Recurring,21,,,Nofollow,Existing,,
12/21/2017,http://socialnews.homefoodforever.com/,Bookmarking,Recurring,21,,,Nofollow,Existing,,
12/21/2017,http://bestlinksworldc.com/,Bookmarking,Recurring,21,,,Nofollow,Existing,,
7/21/2018,http://www.tampabaybusinesslist.com/,Local Listing,One Time,21,,,Nofollow,Existing,,Yes
1/8/2018,https://www.denversale.com,Classified,Recurring,21,,,,Existing,,
1/17/2018,https://www.caymanbuzz.com/,Local Listing,One Time,21,,,,Mohana,,
1/18/2018,http://www.innercircle.com/,Local Listing,,21,,,,Mohana,,
1/27/2018,http://www.linkworld.us/,video Sharing,Recurring,21,,,,Existing,,
2/3/2018,http://www.golocalclassified.com,Classified,Recurring,21,,,,Mohana,,
2/8/2018,http://www.justaroundtown.com,Local Listing,One Time,21,,,,Existing,,
2/22/2018,http://qnundrum.com/,Forum Commenting,Recurring,21,,,,Mohana,,
7/21/2018,http://listitsellit.us/,Classified,Recurring,20,,,Dofollow,Existing,,Yes
7/21/2018,http://www.4ufreeclassifiedads.com/,Classified,Recurring,20,,,Indexed and Nofollow,Existing,,Yes
1/5/2018,http://freeadshome.com,Classified,Recurring,20,,,Dofollow,Mohana,,
12/29/2017,https://eventsking.com,Classified,Recurring,20,,,Dofollow,Existing,,Yes
12/29/2017,http://dciads.com/,Classified,Recurring,20,,,Dofollow,Existing,,Yes
1/4/2018,http://www.ib2biz.com,Bookmarking,Recurring,20,,,Dofollow,Mohana,,
1/3/2018,http://ganeshaubud.com/,Bookmarking,Recurring,20,,,Dofollow,Mohana,,
12/21/2017,http://linkslistc.com/,Bookmarking,Recurring,20,,,Nofollow,Existing,,
12/17/2017,financial-guides.com,Bookmarking,Recurring,20,,,Nofollow,Existing,,
12/17/2017,mediajx.com,Bookmarking,Recurring,20,,,Nofollow,Existing,,
1/17/2018,https://www.212area.com,Local Listing,One Time,20,,,,Mohana,,
1/18/2018,http://www.alltheflorida.com/,Local Listing,One Time,20,,,,Mohana,,
1/19/2018,http://www.localsearchlight.com,Local Listing,One Time,20,,,Nofollow,Mohana,,
1/22/2018,http://ntdirectory.com,Local Listing,One Time,20,,,,Mohana,,
1/27/2018,http://www.surrealevasion.com,Forum Commenting,Recurring,20,,,,Existing,,
1/27/2018,http://journeypassion.com,Bookmarking,Recurring,20,,,Indexed and Nofollow,Existing,,
2/5/2018,http://www.yourtechtamer.com,Blog Commenting,Recurring,20,,,,Mohana,,
2/13/2018,https://scotteblog.com/,Blog Commenting,Recurring,20,,,,Mohana,,
1/7/2018,http://worldads.us,Classified,Recurring,20,,,,Existing,,
1/23/2018,https://www.businessmeuk.co.uk,Local Listing,One Time,19,,,,Mohana,,
1/30/2018,http://www.computer-systems-uk.co.uk,Local Listing,One Time,19,,,Indexed and Nofollow,Mohana,,
2/14/2018,http://bg-community.net/,Forum Commenting,Recurring,19,,,,Mohana,,
7/21/2018,lookuppage.biz,Local Listing,One Time,18,,,,Existing,,
1/30/2018,http://www.universeclassifieds.com,Classified,Recurring,18,,,Indexed and Nofollow,Mohana,,
2/14/2018,http://teamtaketwo.eu,Forum Commenting,Recurring,18,,,,Mohana,,
2/22/2018,http://www.wikiamonks.com,Blog Commenting,Recurring,18,,,,Mohana,,
1/13/2018,https://www.auclassifieds.com.au,Classified,Recurring,17,,,Nofollow,Mohana,,
1/27/2018,http://businessplaces.us/,Local Listing,One Time,17,,,Indexed and Nofollow,Existing,,
7/21/2018,http://www.qtellhousehunter.com/,Classified,Recurring,17,,,Indexed and Nofollow,Mohana,,
2/15/2018,https://www.phoneservicesupport.com/,Forum Commenting,Recurring,17,,,,Mohana,,
12/16/2017,post-free-classified-ad.com,Classified,Recurring,16,,,,Existing,,
1/17/2018,http://www.915area.com/,Local Listing,One Time,16,,,,Mohana,,
1/17/2018,http://www.carolinabusiness.us/,Local Listing,One Time,16,,,,Mohana,,
1/19/2018,http://www.california-webbusiness.com/,Local Listing,One Time,16,,,,Mohana,,
2/1/2018,https://addinfographic.com,Infographics,Recurring,16,,,,Mohana,,
2/24/2018,http://www.bayadv.com/,Classified,Recurring,16,,,,Mohana,,
1/13/2018,https://www.ashburtondirectory.com.au/,Directory Submission,Recurring,15,,,Nofollow,Mohana,,
1/19/2018,https://www.mountdoramerchants.com,Local Listing,One Time,15,,,,Mohana,,
1/30/2018,http://www.nationwidecomputertechs.net,Local Listing,One Time,15,,,Indexed and Nofollow,Mohana,,
1/30/2018,http://www.compshops.com,Local Listing,One Time,15,,,Indexed and Nofollow,Mohana,,
1/30/2018,https://www.securityinformed.com/,Local Listing,One Time,15,,,,Mohana,,
7/21/2018,fmclassifieds.com,Classified,Recurring,15,,,,Mohana,,
1/30/2018,http://www.wholesalefreeclassifiedads.com/,Classified,Recurring,14,,,,Mohana,,
1/18/2018,http://www.oisinslist.com/,Local Listing,One Time,13,,,,Mohana,,
1/18/2018,https://myfreshbiz.com,Local Listing,One Time,13,,,,Mohana,,
7/21/2018,http://www.whatsyourhours.com,Local Listing,One Time,13,,,,Existing,,
1/19/2018,http://athensalabamabusiness.com,Local Listing,One Time,12,,,,Mohana,,
1/2/2018,https://yourlisten.com,Profile Creation,One Time,69,,,,Existing,,
1/22/2018,http://www.tagozi.com/,Classified,,26,,,,Muthu Selvi,,
1/22/2018,https://www.whatsyourhours.com/,Local Listing,,18,,,,Muthu Selvi,,
1/22/2018,https://www.allhitad.com/,Classified,,40,,,,Muthu Selvi,,
2/6/2018,https://www.sitejabber.com/,,One Time,72,,,,Existing,,
2/6/2018,https://alternativeto.net/,,One Time,72,,,,Existing,,
7/21/2018,https://www.4shared.com,Podcast,Recurring,85,,,,Existing,,Team
7/21/2018,https://independent.academia.edu,,,92,,,,Existing,,
7/21/2018,https://www.accountingweb.com,,,62,,,,Existing,,
7/21/2018,http://addwish.com,Profile Creation,,35,,,,Existing,,
7/21/2018,https://addons.mozilla.org/,Profile Creation,,95,,,,Existing,,
7/21/2018,https://www.aeriagames.com,Profile Creation,,77,,,,Existing,,
7/21/2018,http://www.alternion.com/,Web 2.0,,66,,,,Existing,,
7/21/2018,https://anotepad.com,Bookmarking,,51,,,,Existing,,
7/21/2018,http://www.mortgage.ipt.pw/,Bookmarking,,65,,,,Existing,,
7/21/2018,http://www.treatments.ipt.pw/,Bookmarking,,65,,,,Existing,,
7/21/2018,https://www.smdailyjournal.com/classifieds/,Classified,,60,,,,Existing,,
7/21/2018,http://classifieds.reviewjournal.com,Classified,,84,,,,Existing,,
7/21/2018,http://www.craigslist.org/,Classified,,92,,,,Existing,,
7/21/2018,http://www.citeulike.org/,bookmarking,,72,,,,Existing,,
7/21/2018,http://www.killerstartups.com,bookmarking,,63,,,,Existing,,
7/21/2018,https://getsatisfaction.com,Irrelavant,,83,,,,Existing,,
7/21/2018,http://www.newsvine.com,Irrelavant,,87,,,,Existing,,
7/21/2018,https://www.crowdspring.com,Paid,,57,,,,Existing,,
7/21/2018,http://www.yatedo.com,Irrelavant,,53,,,,Existing,,
7/21/2018,https://stocktwits.com,Profile Creation,,71,,,,Existing,,
7/21/2018,https://www.mightycause.com,Profile Creation,,44,,,,Existing,,
7/21/2018,http://www.myvidster.com,Profile Creation,,71,,,,Existing,,
7/21/2018,https://free-classifieds-usa.com/,Classified,,48,,,,Existing,,
7/21/2018,https://choicebookmarks.com,Bookmarking,,58,,,,Existing,,
7/21/2018,http://deowatt.com,Bookmarking,,58,,,,Existing,,
7/21/2018,https://www.adhesivesmag.com/classifieds,Classified,,45,,,,Existing,,
7/21/2018,http://mediajx.com,,,43,,,,Existing,,
6/9/2018,https://technewsgadget.net/,Press Release,,38,,,,Mohana,,
6/9/2018,http://forum.conceiva.com/,Forum Commenting,,48,,,,Mohana,,
6/9/2018,https://www.popdust.com/,Profile Creation,One Time,64,,,,Mohana,Profile creation/post,
6/11/2018,https://paper.dropbox.com,Image Sharing,,94,,,,Thulasi Devi,,
6/11/2018,https://www.30boxes.com,Profile Creation,,58,,,,Existing,,
6/11/2018,http://socialbookmarkings.us,bookmarking,,21,,,,Existing,,
6/11/2018,https://armorgames.com,Profile Creation,,84,,,,Ramya K,,
6/11/2018,http://inmethod.com,Profile Creation,,60,,,,Mohana,,
6/11/2018,http://hawkee.com/,Profile Creation,,57,,,,Mohana,,
6/11/2018,http://doodleordie.com/,Profile Creation,,59,,,,Mohana,,
6/11/2018,http://www.pcdistrict.com/,Bookmarking,,54,,,,Mohana,,
6/11/2018,https://www.quibblo.com/,Bookmarking,,65,,,,Mohana,,
6/11/2018,https://www.sitey.com/,Web 2.0,,41,,,,Mohana,,
6/11/2018,http://www.veslonyc.com/,Bookmarking,,39,,,,Mohana,,
6/12/2018,https://mootools.net/,Profile Creation,,72,,,,Mohana,"It's coding related website, just create a profile and try to add projects (coding)",
6/12/2018,https://themindunleashed.com/,Guest Post,,56,,,,Mohana,,
6/12/2018,https://www.funadvice.com/,Profile Creation,,57,,,,Mohana,,
6/12/2018,https://asknature.org,Profile Creation,,54,,,,Ramya K,,
6/12/2018,https://postimg.cc/,Image Sharing,,71,,,,Existing,,
6/13/2018,https://www.bizvotes.com/,Local Listing,,60,,,,Mohana,,
6/13/2018,https://www.arcaracing.com/,Profile Creation,,53,,,,Mohana,,
6/13/2018,https://www.yoys.net/,Local Listing,,29,,,,Mohana,,
6/15/2018,https://app.bitly.com,Create Link,,88,,,,Ramya K,,
6/15/2018,https://www.bloglovin.com,Create Post,,92,,,,Ramya K,,
6/15/2018,https://h30434.www3.hp.com,Q&A,,93,,,,Ramya K,For HP Printer,
6/15/2018,https://adsansar.com/,Bookmarking,,31,,,,Mohana,,
6/15/2018,https://drikdir.com/,Bookmarking,,20,,,,Mohana,,
6/15/2018,http://www.poemsbook.net/,Web 2.0,,39,,,,Mohana,,
6/15/2018,http://onlinejamsessions.com,Profile Creation,,20,,,,Mohana,,
6/23/2018,https://www.aol.com/,Blog Commenting,,93,,,,Jaseeba,,
6/26/2018,https://independent.academia.edu/RokuComLinkAccount,,,92,,,,Existing,,
6/26/2018,http://city.seobacklinks.cf/story.php?title=guidelines-for-setup-your-roku,Bookmarking,,18,,,,Existing,,
6/26/2018,http://www.4mark.net/story/410894/guidelines-for-setup-your-roku,Bookmarking,,39,,,,Existing,,
6/26/2018,downtownmiami.com,Profile Creation,,50,,,,Existing,,
6/26/2018,geforce.com,Forum Commenting,,81,,,,Existing,,
6/26/2018,herox.com,Profile Creation,,70,,,,Existing,,
6/26/2018,levo.com,Profile Creation,,75,,,,Existing,,
6/26/2018,localbiznetwork.com,Local Listing,,69,,,,Existing,,
6/26/2018,smartexpat.com,Local Listing,,69,,,,Existing,,
6/28/2018,adsciti.com,Classified,,52,,,,Existing,,
6/28/2018,openfaves.com,Article submission,,51,,,,Existing,,
7/4/2018,canva.com,PPT Submission,,86,,,,Existing,,
7/4/2018,eventbrite.com,Profile Creation,,93,,,,Existing,,
7/6/2018,Padlet.com,Bookmarking,,82,,,,Existing,,
7/6/2018,Contently.com,Bookmarking,,71,,,,Existing,,
7/6/2018,Bubbl.us,Bookmarking,,66,,,,Existing,,
7/6/2018,gust.com,Profile Creation,,66,,,,Existing,,
7/6/2018,caringbridge.org,Web 2.0,,82,,,,Existing,,
7/6/2018,ideafit.com,Q&A,,71,,,,Existing,,
7/6/2018,angieslist.com,Local Listing,,91,,,,Existing,,
7/6/2018,giphy.com/explore,Video Sharing,,91,,,,Existing,,
7/10/2018,mx1.webmastershowcase.com.au,Bookmarking,,56,,,,Existing,,
7/11/2018,england.photoads.co.uk,Image Sharing,,45,,,,Existing,,
7/11/2018,cmolink.com,Domain Picker,,28,,,,Existing,,
7/11/2018,emutop.net,Domain Picker,,28,,,,Existing,,
