Date,Resource Name,Site,Off page Activity,Submitted site Domain,Published Link,focus url,Keywords
7/13/2018,Sangavi,https://www.rokuaccountlink.com/,Profile Creation,https://webflow.com,https://webflow.com/ReenaJoseph,,Roku com link
7/13/2018,Sangavi,https://www.rokuaccountlink.com/,Web 2.0,https://webflow.com,http://reenas-fantastic-blogs.webflow.io/posts/sharp-roku-tv-remote-controller-app,,Roku com link
7/13/2018,Sangavi,https://www.rokuaccountlink.com/,Web 2.0,https://kinja.com,https://reenajoseph1996.kinja.com/exclusive-amazon-music-channel-on-roku-1827567909,,Roku com link
7/13/2018,Sangavi,https://www.rokuaccountlink.com/,Web 2.0,https://website.com,http://reenajoseph.website2.me/blog/movies-you-can-stream-for-free-on-roku,,roku.com/link
7/13/2018,Sangavi,https://www.rokuaccountlink.com/,Web 2.0,https://www.minds.com,https://www.minds.com/blog/view/864434564601688064,,roku.com/link
7/13/2018,Sangavi,https://www.rokuaccountlink.com/,Bookmarking,https://getpocket.com,https://getpocket.com/@ReenaJoseph/share/3552453,,Roku com link
7/13/2018,Sangavi,https://www.rokuaccountlink.com/,Bookmarking,http://www.apsense.com,Submitted,,Roku com link
7/13/2018,Sangavi,https://www.rokuaccountlink.com/,Bookmarking,http://www.pearltrees.com/,https://www.pearltrees.com/reenajoseph1996#item229303322/l901,,roku.com/link
7/13/2018,Sangavi,https://www.rokuaccountlink.com/,Bookmarking,https://diigo.com/,https://diigo.com/0cly2v,,roku.com/link
7/13/2018,Sangavi,https://www.rokuaccountlink.com/,Bookmarking,https://www.plurk.com,https://www.plurk.com/p/mus6jq,,Roku com link
7/13/2018,Sangavi,https://www.rokuaccountlink.com/,Bookmarking,https://slack.com/,https://slack-files.com/TAQFRB45S-FBR3NN91V-2b387d4302,,Roku com link
7/13/2018,Sangavi,https://www.rokuaccountlink.com/,Bookmarking,https://itsmyurls.com/,Submitted,,roku.com/link
7/13/2018,Sangavi,https://www.rokuaccountlink.com/,Bookmarking,http://ttlink.com,http://ttlink.com/bookmark/f8acccbe-bb87-4b47-b2f1-33404f443b7a,,roku.com/link
7/13/2018,Sangavi,https://www.rokuaccountlink.com/,Bookmarking,https://padlet.com,https://padlet.com/ReenaJoseph/z50q189whr4z/wish/270134256,,Roku com link
7/13/2018,Sangavi,https://www.rokuaccountlink.com/,Bookmarking,https://contently.com/,Submitted,,Roku com link
7/13/2018,Sangavi,https://www.rokuaccountlink.com/,Bookmarking,https://myspace.com,https://myspace.com/reena.joseph/post/activity_profile_81305233_37b86b3dc9db4d4c95eba49aeb3a2ab7/comments,,roku.com/link
7/13/2018,Sangavi,https://www.rokuaccountlink.com/,Bookmarking,https://getpocket.com,https://getpocket.com/@ReenaJoseph/share/3552757,,roku.com/link
7/13/2018,Sangavi,https://www.rokuaccountlink.com/,Bookmarking,http://www.apsense.com,Submitted,,Roku com link
7/13/2018,Sangavi,https://www.rokuaccountlink.com/,Bookmarking,http://www.pearltrees.com/,https://www.pearltrees.com/reenajoseph1996#item229307690/l557,,Roku com link
7/13/2018,Sangavi,https://www.rokuaccountlink.com/,Bookmarking,https://diigo.com/,https://diigo.com/0clz6b,,roku.com/link
7/13/2018,Sangavi,https://www.rokuaccountlink.com/,Bookmarking,https://www.plurk.com,https://www.plurk.com/p/muscmv,,roku.com/link
7/13/2018,Sangavi,https://www.rokuaccountlink.com/,Bookmarking,https://slack.com/,https://slack-files.com/TAQFRB45S-FBPUYQJD9-f6d3f1c8e8,,Roku com link
7/13/2018,Sangavi,https://www.rokuaccountlink.com/,Bookmarking,https://itsmyurls.com/,Submitted,,Roku com link
7/13/2018,Sangavi,https://www.rokuaccountlink.com/,Bookmarking,http://ttlink.com,http://ttlink.com/bookmark/75042a0d-3432-4e5a-beb7-0fa29c3701df,,roku.com/link
7/13/2018,Sangavi,https://www.rokuaccountlink.com/,Bookmarking,https://padlet.com,https://padlet.com/ReenaJoseph/z50q189whr4z/wish/270138383,,roku.com/link
7/13/2018,Sangavi,https://www.rokuaccountlink.com/,Bookmarking,https://contently.com/,Submitted,,Roku com link
7/13/2018,Sangavi,https://www.rokuaccountlink.com/,Bookmarking,https://myspace.com,https://myspace.com/reena.joseph/post/activity_profile_81305233_32ec3718c4264d79ad28511df39b0f4a/comments,,Roku com link
7/16/2018,Sangavi,https://www.rokuaccountlink.com/,Web 2.0,https://webflow.com/,http://reenas-fantastic-blogs.webflow.io/posts/stream-tv-premieres-in-july,,roku.com/link
7/16/2018,Sangavi,https://www.rokuaccountlink.com/,Web 2.0,https://wix.com,https://reenajoseph.wixsite.com/mysite/blog/activate-national-geographic-kids-on-roku,,roku.com/link
7/16/2018,Sangavi,https://www.rokuaccountlink.com/,Bookmarking,https://getpocket.com,https://getpocket.com/@ReenaJoseph/share/3558811,,Roku com link
7/16/2018,Sangavi,https://www.rokuaccountlink.com/,Bookmarking,http://www.apsense.com,Submitted,,Roku com link
7/16/2018,Sangavi,https://www.rokuaccountlink.com/,Bookmarking,http://www.pearltrees.com/,https://www.pearltrees.com/reenajoseph1996#item229449861,,roku.com/link
7/16/2018,Sangavi,https://www.rokuaccountlink.com/,Bookmarking,https://diigo.com/,https://diigo.com/0cmjii,,roku.com/link
7/16/2018,Sangavi,https://www.rokuaccountlink.com/,Bookmarking,https://www.plurk.com,https://www.plurk.com/p/muxai2,,Roku com link
7/16/2018,Sangavi,https://www.rokuaccountlink.com/,Bookmarking,http://www.folkd.com,Submitted,,Roku com link
7/16/2018,Sangavi,https://www.rokuaccountlink.com/,Bookmarking,https://itsmyurls.com/,Submitted,,roku.com/link
7/16/2018,Sangavi,https://www.rokuaccountlink.com/,Bookmarking,http://ttlink.com,http://ttlink.com/bookmark/9ab9a459-3d40-4576-9750-9a62d60881f1,,roku.com/link
7/16/2018,Sangavi,https://www.rokuaccountlink.com/,Bookmarking,https://padlet.com,https://padlet.com/ReenaJoseph/z50q189whr4z/wish/270287102,,Roku com link
7/16/2018,Sangavi,https://www.rokuaccountlink.com/,Bookmarking,https://contently.com/,Submitted,,Roku com link
7/16/2018,Sangavi,https://www.rokuaccountlink.com/,Bookmarking,https://myspace.com,https://myspace.com/reena.joseph/post/activity_profile_81305233_001a2526ec7a49f38d2ec9a386fcabd1/comments,,roku.com/link
7/16/2018,Sangavi,https://www.rokuaccountlink.com/,Bookmarking,https://getpocket.com,https://getpocket.com/@ReenaJoseph/share/3558888,,roku.com/link
7/16/2018,Sangavi,https://www.rokuaccountlink.com/,Bookmarking,http://www.apsense.com,Submitted,,Roku com link
7/16/2018,Sangavi,https://www.rokuaccountlink.com/,Bookmarking,http://www.pearltrees.com/,https://www.pearltrees.com/reenajoseph1996#item229450728/l475,,Roku com link
7/16/2018,Sangavi,https://www.rokuaccountlink.com/,Bookmarking,https://diigo.com/,https://diigo.com/0cmjqh,,Roku com link
7/16/2018,Sangavi,https://www.rokuaccountlink.com/,Bookmarking,https://www.plurk.com,https://www.plurk.com/p/muxca3,,roku.com/link
7/16/2018,Sangavi,https://www.rokuaccountlink.com/,Bookmarking,http://www.folkd.com,Submitted,,roku.com/link
7/16/2018,Sangavi,https://www.rokuaccountlink.com/,Bookmarking,https://itsmyurls.com/,Submitted,,Roku com link
7/16/2018,Sangavi,https://www.rokuaccountlink.com/,Bookmarking,http://ttlink.com,http://ttlink.com/bookmark/65b005aa-1b75-4707-bbab-fbb5c909467b,,Roku com link
7/16/2018,Sangavi,https://www.rokuaccountlink.com/,Bookmarking,https://padlet.com,https://padlet.com/ReenaJoseph/z50q189whr4z/wish/270289341,,roku.com/link
7/16/2018,Sangavi,https://www.rokuaccountlink.com/,Bookmarking,https://contently.com/,Submitted,,roku.com/link
7/16/2018,Sangavi,https://www.rokuaccountlink.com/,Bookmarking,https://myspace.com,https://myspace.com/reena.joseph/post/activity_profile_81305233_76b28a43959441e9a42a03d7e5ab3e62/comments,,Roku com link
7/16/2018,Sangavi,https://www.rokuaccountlink.com/,Bookmarking,https://www.youtube.com,https://www.youtube.com/watch?v=XrMYFOMYcnM,,Roku com link
7/16/2018,Sangavi,https://www.rokuaccountlink.com/,Bookmarking,https://www.youtube.com,https://www.youtube.com/watch?v=gVr8eLW0-_o,,roku.com/link
7/16/2018,Sangavi,https://www.rokuaccountlink.com/,Bookmarking,https://tampa.storeboard.com/,Submitted,,roku.com/link
7/17/2018,Sangavi,https://www.rokuaccountlink.com/,Web 2.0,http://fc2.com,http://reenajoseph.blog.fc2.com/blog-category-2.html,,Roku com link
7/17/2018,Sangavi,https://www.rokuaccountlink.com/,Web 2.0,http://strikingly.com,http://reenajoseph.strikingly.com/blog/watch-the-top-10-searched-kids-tv-shows-and-movies,,Roku com link
7/17/2018,Sangavi,https://www.rokuaccountlink.com/,Web 2.0,https://kinja.com/,https://reenajoseph1996.kinja.com/activate-and-watch-amazon-video-channel-on-roku-1827647367,,roku.com/link
7/17/2018,Sangavi,https://www.rokuaccountlink.com/,Bookmarking,https://getpocket.com,https://getpocket.com/@ReenaJoseph/share/3561501,,roku.com/link
7/17/2018,Sangavi,https://www.rokuaccountlink.com/,Bookmarking,http://www.apsense.com,Submitted,,Roku com link
7/17/2018,Sangavi,https://www.rokuaccountlink.com/,Bookmarking,http://www.pearltrees.com/,https://www.pearltrees.com/reenajoseph1996#item229502472/l576,,Roku com link
7/17/2018,Sangavi,https://www.rokuaccountlink.com/,Bookmarking,https://diigo.com/,https://diigo.com/0cmui3,,roku.com/link
7/17/2018,Sangavi,https://www.rokuaccountlink.com/,Bookmarking,https://www.plurk.com,https://www.plurk.com/p/muz3ts,,roku.com/link
7/17/2018,Sangavi,https://www.rokuaccountlink.com/,Bookmarking,http://www.folkd.com,Submitted,,Roku com link
7/17/2018,Sangavi,https://www.rokuaccountlink.com/,Bookmarking,https://itsmyurls.com/,Submitted,,Roku com link
7/17/2018,Sangavi,https://www.rokuaccountlink.com/,Bookmarking,http://ttlink.com,http://ttlink.com/bookmark/955f2644-600f-4cff-97a9-a001c8ed8e7f,,roku.com/link
7/17/2018,Sangavi,https://www.rokuaccountlink.com/,Bookmarking,https://padlet.com,https://padlet.com/ReenaJoseph/42x8ruajwq6i/wish/270387320,,roku.com/link
7/17/2018,Sangavi,https://www.rokuaccountlink.com/,Bookmarking,https://contently.com/,Submitted,,Roku com link
7/17/2018,Sangavi,https://www.rokuaccountlink.com/,Bookmarking,https://myspace.com,https://myspace.com/reena.joseph/post/activity_profile_81305233_7cecc5285b2941318a176fab7c22a5e3/comments,,Roku com link
7/17/2018,Sangavi,https://www.rokuaccountlink.com/,Bookmarking,https://dzone.com,Submitted,,roku.com/link
7/18/2018,Sangavi,https://www.rokuaccountlink.com/,Web 2.0,https://jimdo.com,https://reenajoseph.jimdofree.com/2018/07/18/a-flashback-with-these-pixar-movies/,,roku.com/link
7/18/2018,Sangavi,https://www.rokuaccountlink.com/,Web 2.0,https://weebly.com,https://reenajoseph.weebly.com/blog/how-to-watch-nick-jr-channel-on-roku,,Roku com link
7/18/2018,Sangavi,https://www.rokuaccountlink.com/,Web 2.0,http://bravesites.com,http://reenajoseph.bravesites.com/entries/general/parental-controls-on-roku,,Roku com link
7/18/2018,Sangavi,https://www.rokuaccountlink.com/,Bookmarking,https://getpocket.com,https://getpocket.com/@ReenaJoseph/share/3564475,,roku.com/link
7/18/2018,Sangavi,https://www.rokuaccountlink.com/,Bookmarking,http://www.apsense.com,Submitted,,roku.com/link
7/18/2018,Sangavi,https://www.rokuaccountlink.com/,Bookmarking,http://www.pearltrees.com/,https://www.pearltrees.com/reenajoseph1996#item229597876/l514,,Roku com link
7/18/2018,Sangavi,https://www.rokuaccountlink.com/,Bookmarking,https://diigo.com/,https://diigo.com/0cn715,,Roku com link
7/18/2018,Sangavi,https://www.rokuaccountlink.com/,Bookmarking,https://www.plurk.com,https://www.plurk.com/p/mv18sf,,roku.com/link
7/18/2018,Sangavi,https://www.rokuaccountlink.com/,Bookmarking,http://www.folkd.com,Submitted,,roku.com/link
7/18/2018,Sangavi,https://www.rokuaccountlink.com/,Bookmarking,https://itsmyurls.com/,Submitted,,Roku com link
7/18/2018,Sangavi,https://www.rokuaccountlink.com/,Bookmarking,http://ttlink.com,http://ttlink.com/bookmark/6fe1a509-edff-4065-8c5e-2d6c52567302,,Roku com link
7/18/2018,Sangavi,https://www.rokuaccountlink.com/,Bookmarking,https://padlet.com,https://padlet.com/ReenaJoseph/z50q189whr4z/wish/270501868,,roku.com/link
7/18/2018,Sangavi,https://www.rokuaccountlink.com/,Bookmarking,https://contently.com/,Submitted,,roku.com/link
7/18/2018,Sangavi,https://www.rokuaccountlink.com/,Bookmarking,https://myspace.com,https://myspace.com/reena.joseph/post/activity_profile_81305233_4c77eb681d3f4c888b15e3a90caa93ae/comments,,Roku com link
7/18/2018,Sangavi,https://www.rokuaccountlink.com/,Bookmarking,https://dzone.com,Submitted,,Roku com link
7/18/2018,Sangavi,https://www.rokuaccountlink.com/,Bookmarking,https://ello.co,https://ello.co/reenajoseph/post/gyhnsuxushvsrk62vtdgzq,,roku.com/link
7/18/2018,Sangavi,https://www.rokuaccountlink.com/,Web 2.0,https://www.minds.com,https://www.minds.com/ReenaJoseph/blog/best-way-to-stream-multiple-sporting-events-live-on-roku-866261180363849728,,roku.com/link
7/18/2018,Sangavi,https://www.rokuaccountlink.com/,Web 2.0,https://jimdo.com,https://reenajoseph.jimdofree.com/2018/07/18/the-best-dads-of-small-screen-now-on-your-roku/,,Roku com link
7/18/2018,Sangavi,https://www.rokuaccountlink.com/,Web 2.0,https://wix.com,https://reenajoseph.wixsite.com/mysite/blog/news-channels-free-to-stream-on-roku,,Roku com link
7/18/2018,Sangavi,https://www.rokuaccountlink.com/,Web 2.0,https://justpaste.it,https://justpaste.it/744ya,,roku.com/link
7/19/2018,Sangavi,https://www.rokuaccountlink.com/,Web 2.0,https://wixsite.com/,https://reenajoseph.wixsite.com/mysite/blog/hulu-tv-in-roku,,roku.com/link
7/19/2018,Sangavi,https://www.rokuaccountlink.com/,Web 2.0,https://livejournal.com,https://reenajoseph1996.livejournal.com/1047.html,,Roku com link
7/19/2018,Sangavi,https://www.rokuaccountlink.com/,Web 2.0,https://www.minds.com/,https://www.minds.com/ReenaJoseph/blog/activate-youtube-on-roku-device-866540915127332864,,Roku com link
7/19/2018,Sangavi,https://www.rokuaccountlink.com/,Web 2.0,http://webflow.io,http://reenas-fantastic-blogs.webflow.io/posts/difference-between-roku-device-and-apple-tv,,roku.com/link
7/19/2018,Sangavi,https://www.rokuaccountlink.com/,Web 2.0,https://kinja.com/,https://reenajoseph1996.kinja.com/kids-channel-on-roku-1827709153,,roku.com/link
7/19/2018,Sangavi,https://www.rokuaccountlink.com/,Web 2.0,http://fc2.com,http://reenajoseph.blog.fc2.com/blog-entry-8.html,,Roku com link
7/19/2018,Sangavi,https://www.rokuaccountlink.com/,Web 2.0,http://strikingly.com,http://reenajoseph.strikingly.com/blog/hulu-live-beta-test-a-success-or-failure,,Roku com link
7/19/2018,Sangavi,https://www.rokuaccountlink.com/,Web 2.0,https://kinja.com/,https://reenajoseph1996.kinja.com/cbs-access-on-roku-1827709776,,Roku com link
7/19/2018,Sangavi,https://www.rokuaccountlink.com/,Bookmarking,https://getpocket.com,https://getpocket.com/@ReenaJoseph/share/3567456,,roku.com/link
7/19/2018,Sangavi,https://www.rokuaccountlink.com/,Bookmarking,http://www.apsense.com,Submitted,,roku.com/link
7/19/2018,Sangavi,https://www.rokuaccountlink.com/,Bookmarking,http://www.pearltrees.com/,https://www.pearltrees.com/reenajoseph1996#item229697930,,Roku com link
7/19/2018,Sangavi,https://www.rokuaccountlink.com/,Bookmarking,https://diigo.com/,https://diigo.com/0cnnaj,,Roku com link
7/19/2018,Sangavi,https://www.rokuaccountlink.com/,Bookmarking,https://www.plurk.com,https://www.plurk.com/p/mv3evl,,roku.com/link
7/19/2018,Sangavi,https://www.rokuaccountlink.com/,Bookmarking,http://www.folkd.com,Submitted,,roku.com/link
7/19/2018,Sangavi,https://www.rokuaccountlink.com/,Bookmarking,https://itsmyurls.com/,Submitted,,Roku com link
7/19/2018,Sangavi,https://www.rokuaccountlink.com/,Bookmarking,http://ttlink.com,http://ttlink.com/bookmark/1752cf7d-d79e-4154-97cd-39cff0e31571,,Roku com link
7/19/2018,Sangavi,https://www.rokuaccountlink.com/,Bookmarking,https://padlet.com,https://padlet.com/ReenaJoseph/42x8ruajwq6i/wish/270603062,,roku.com/link
7/19/2018,Sangavi,https://www.rokuaccountlink.com/,Bookmarking,https://contently.com/,Submitted,,roku.com/link
7/19/2018,Sangavi,https://www.rokuaccountlink.com/,Bookmarking,https://myspace.com,https://myspace.com/reena.joseph/post/activity_profile_81305233_4fb091ac36414357ab4a2508c3d4de7a/comments,,Roku com link
7/19/2018,Sangavi,https://www.rokuaccountlink.com/,Bookmarking,https://ello.co,https://ello.co/reenajoseph/post/9ud6--osbhzt1mgbv851ig,,Roku com link
7/19/2018,Sangavi,https://www.rokuaccountlink.com/,Profile Creation,https://www.xing.com/,https://www.xing.com/profile/Reena_Joseph/,,roku.com/link
7/19/2018,Sangavi,https://www.rokuaccountlink.com/,Profile Creation,https://www.callupcontact.com,https://www.callupcontact.com/b/businessprofile/Rokuaccountlink/7036949,,roku.com/link
7/19/2018,Sangavi,https://www.rokuaccountlink.com/,QandA,https://answers.avira.com/,https://answers.avira.com/nl/question/how-do-i-stream-videos-from-my-desktop-computer-to-my-tv-via-roku-24521,,Roku com link
7/19/2018,Sangavi,https://www.rokuaccountlink.com/,Profile Creation,https://www.merlot.org,https://www.merlot.org/merlot/viewMember.htm?id=1378725,,Roku com link
7/19/2018,Sangavi,https://www.rokuaccountlink.com/,Podcast,https://podbean.com/,https://reenajoseph.podbean.com/,,roku.com/link
7/19/2018,Sangavi,https://www.rokuaccountlink.com/,Profile Creation,http://www.debate.org,http://www.debate.org/ReenaJoseph/,,roku.com/link
